 NO,  CERQ3,  CERQ13,  CERQ21,  CERQ35,  CERQ2,  CERQ14,  CERQ26,  CERQ31,  CERQ10,  CERQ15,  CERQ22,  CERQ27,  CERQ16,  CERQ24,  CERQ29,  CERQ6,  CERQ25,  CERQ32,  CERQ5,  CERQ7,  CERQ20,  CERQ34,  CERQ4,  CERQ12,  CERQ19,  CERQ33,  CERQ9,  CERQ17,  CERQ28,  CERQ30,  CERQ8,  CERQ11,  CERQ18,  CERQ23,  CAAS1,  CAAS2,  CAAS3,  CAAS4,  CAAS5,  CAAS6,  CAAS7,  CAAS8,  CAAS9,  CAAS10,  CAAS11,  CAAS12,  CAAS13,  CAAS14,  CAAS15,  CAAS16,  CAAS17,  CAAS18,  CAAS19,  CAAS20,  CAAS21,  CAAS22,  CAAS23,  CAAS24,  CDMSE5,  CDMSE9,  CDMSE14,  CDMSE22,  CDMSE6,  CDMSE11,  CDMSE20,  CDMSE12,  CDMSE21,  CDMSE24,  CDMSE13,  CDMSE17,  CDMSE25,Male,CarSeek,Maj_HS,Maj_SEMed,Maj_AP,A_CER,M_CER,CAAS,CDMSE_13
1000001,2,4,3,4,4,4,5,4,4,3,2,3,2,2,4,3,4,5,3,4,3,3,1,1,3,1,1,1,1,1,1,1,1,1,5,5,4,5,4,5,3,5,5,4,4,4,5,3,5,4,4,3,4,5,4,3,3,3,4,4,4,4,3,5,4,3,4,4,2,3,4,0,1,0,1,0,3.45,1.69,4.13,3.69
1000002,3,4,3,3,4,4,4,4,3,4,3,3,3,3,3,4,4,4,4,4,4,3,2,2,2,2,2,2,2,2,3,4,2,2,4,4,4,5,4,5,4,5,4,4,4,4,4,4,5,5,4,3,3,4,3,4,4,4,3,4,4,4,4,4,4,3,4,4,2,2,3,1,1,1,0,0,3.5,2.63,4.08,3.46
1000003,3,3,3,3,4,3,4,3,4,4,2,3,2,4,4,4,3,2,2,2,3,2,3,4,3,3,3,4,2,3,4,4,4,4,3,4,4,2,3,3,4,4,3,4,3,4,4,2,3,4,3,4,4,2,3,2,4,4,2,3,4,4,3,3,3,4,3,2,2,4,4,1,1,0,1,0,3.25,3.13,3.33,3.15
1000005,3,2,1,1,4,5,5,5,1,3,5,5,4,5,4,5,4,5,3,3,2,4,1,1,1,1,3,4,3,3,2,2,2,2,5,5,3,4,4,5,4,5,5,4,3,3,4,4,4,4,5,5,2,3,4,3,4,4,3,5,5,5,5,5,5,2,5,3,5,5,4,0,0,1,0,0,3.78,2.31,4,4.38
1000007,4,4,2,4,5,5,5,4,4,3,3,3,4,3,4,4,3,4,5,3,3,2,1,2,2,1,3,2,3,2,1,1,1,1,4,5,4,4,5,5,4,5,5,5,5,4,5,4,4,5,5,5,4,3,3,4,4,4,2,4,4,5,5,5,4,4,5,4,5,5,4,1,1,0,1,0,3.73,2.06,4.38,4.31
1000008,4,4,4,4,4,3,4,4,4,4,3,4,4,2,3,4,3,4,4,4,4,4,2,1,2,2,3,3,4,3,3,4,3,4,4,5,4,4,3,4,4,4,4,5,4,4,4,4,4,4,3,3,4,4,5,4,4,4,3,4,4,4,4,4,4,5,5,5,3,3,3,0,1,0,1,0,3.53,3.13,4,3.92
1000009,2,3,2,1,4,4,3,4,1,1,2,2,1,2,2,4,4,4,3,3,3,3,1,1,2,1,5,5,3,3,3,3,3,3,4,4,3,4,3,4,3,4,4,4,3,3,4,3,4,4,4,4,4,4,4,4,3,4,3,4,4,4,2,2,3,3,4,3,3,4,4,1,1,1,0,0,2.55,2.81,3.71,3.31
1000011,3,3,2,4,4,4,4,4,3,4,4,4,5,2,4,4,4,5,4,4,3,4,3,3,2,1,2,2,2,2,2,3,2,3,5,5,3,3,3,4,3,4,4,3,4,3,4,4,5,5,5,3,4,4,3,4,4,4,2,4,4,4,3,4,4,3,5,3,2,3,4,0,1,1,0,0,3.67,2.63,3.88,3.46
1000012,2,3,3,2,4,4,3,3,2,3,3,2,2,2,3,3,3,3,3,3,2,3,1,1,2,1,3,3,1,2,2,2,1,2,4,5,4,4,5,4,5,5,5,5,5,5,5,5,4,4,5,4,5,4,4,4,5,4,4,4,4,4,5,4,4,3,5,4,3,3,3,1,1,1,0,0,2.75,2,4.54,3.85
1000013,2,4,4,2,3,4,4,3,2,3,1,3,4,2,2,4,4,5,4,2,1,1,1,1,1,1,3,4,2,2,1,1,1,1,5,5,2,4,4,3,3,4,3,3,4,4,5,3,4,4,2,2,4,4,3,3,3,2,4,2,3,5,2,3,3,3,4,3,4,4,3,0,1,1,0,0,3.12,1.69,3.46,3.31
1000015,5,3,3,3,3,2,3,4,3,4,5,4,3,4,3,4,3,3,2,3,3,4,3,5,4,3,3,3,2,4,2,4,4,3,3,5,3,4,3,2,4,3,2,3,3,5,3,4,3,2,3,4,3,3,4,5,3,3,3,4,3,4,4,3,3,4,3,4,2,5,2,1,1,0,1,0,3.47,3.25,3.33,3.38
1000016,2,1,3,2,4,3,3,4,1,2,4,2,1,1,1,3,1,3,5,5,4,4,4,2,3,4,4,4,4,2,5,5,4,5,5,3,2,1,2,5,1,3,3,2,1,2,3,2,2,3,4,5,3,3,2,1,1,1,1,1,3,2,1,2,3,1,3,1,1,3,2,1,0,1,0,0,2.32,4,2.5,1.85
1000018,3,4,5,4,4,4,3,4,4,4,4,4,5,5,4,4,5,5,4,5,4,4,4,5,3,4,4,4,5,3,3,4,4,4,5,4,4,4,5,5,5,4,4,5,5,5,4,4,5,4,4,4,4,5,5,5,4,4,3,3,4,4,4,4,3,5,4,4,4,4,5,0,1,0,1,0,4.18,4,4.46,3.92
1000019,3,3,3,3,3,3,4,2,3,3,3,2,4,3,3,4,4,3,3,2,3,3,1,1,2,2,3,2,4,2,2,2,2,2,4,4,3,4,3,4,3,4,3,3,3,4,3,3,4,3,3,4,3,3,4,3,3,3,3,3,4,4,4,3,4,2,4,3,4,4,4,0,0,0,1,0,3.08,2.25,3.38,3.54
1000021,5,4,3,3,4,4,5,4,4,4,4,4,5,4,5,5,4,4,4,4,3,4,2,2,1,1,3,4,4,4,4,3,4,2,4,5,4,3,4,4,2,4,3,4,2,3,4,4,4,4,5,5,3,4,4,4,3,4,2,2,4,4,2,4,4,3,4,3,5,4,4,0,1,0,1,0,4.17,3.06,3.75,3.46
1000022,1,2,3,4,3,2,2,1,1,3,1,1,1,1,3,5,3,3,4,3,3,5,1,1,3,1,5,4,5,4,5,5,4,5,3,4,1,1,1,2,1,1,1,3,1,1,1,1,1,1,1,3,2,3,3,1,1,2,1,1,2,2,1,2,1,1,1,2,3,2,1,1,0,0,1,0,2.28,3.63,1.67,1.54
1000025,2,3,2,3,4,4,4,4,4,4,4,4,3,3,4,4,4,4,4,4,2,3,1,1,1,1,2,2,2,1,1,3,2,2,4,3,3,3,3,3,3,3,3,3,3,3,2,3,4,3,2,2,3,3,3,3,3,3,3,3,3,3,2,3,3,2,3,2,4,3,3,0,0,1,0,0,3.5,2,2.96,2.85
1000026,4,2,4,3,4,4,5,3,2,4,4,4,3,2,4,5,5,5,1,1,1,1,1,1,1,1,1,2,1,1,1,2,1,1,4,5,4,4,4,4,4,4,4,4,4,4,4,4,4,3,3,4,4,4,4,4,4,4,4,4,4,4,5,4,4,3,4,4,2,2,2,0,1,1,0,0,3.7,1.13,3.96,3.54
1000027,4,4,4,4,4,4,4,4,4,4,4,4,4,4,4,4,5,5,3,4,2,1,1,1,3,1,2,1,1,1,2,2,2,1,4,5,5,4,4,4,4,4,4,4,5,4,4,4,4,3,4,4,5,4,4,4,3,4,4,4,4,4,4,4,5,3,4,4,2,4,4,0,1,1,0,0,4.03,1.75,4.08,3.85
1000029,4,3,3,4,4,3,4,3,3,4,2,3,2,3,4,4,4,4,3,3,1,3,2,2,3,3,2,3,3,3,3,3,2,3,3,4,3,4,4,3,4,4,3,4,4,5,4,4,5,4,4,5,4,4,4,5,4,3,2,3,3,3,3,3,4,4,4,3,3,3,4,1,0,0,1,0,3.4,2.63,3.96,3.23
1000030,4,4,4,4,5,5,5,4,3,3,4,1,3,2,4,4,5,5,4,4,5,4,1,2,4,2,3,4,4,5,3,2,4,2,5,5,4,5,4,5,3,5,4,4,4,5,4,3,5,5,5,4,4,3,5,5,4,4,4,5,4,4,5,2,4,2,4,4,2,3,5,0,1,1,0,0,3.88,3.31,4.33,3.69
1000031,1,3,1,2,5,4,5,5,1,1,3,4,5,4,2,3,5,5,3,1,2,1,1,1,1,1,3,5,3,2,1,3,1,3,3,4,2,3,3,4,2,5,5,4,2,4,3,2,3,4,2,1,3,4,2,3,3,3,4,1,4,5,3,2,3,1,3,2,1,1,1,1,0,0,1,0,3.32,2,3.08,2.38
1000036,3,4,2,4,4,4,4,4,3,3,4,4,1,2,3,4,4,4,3,2,2,4,2,2,3,2,3,2,2,2,1,2,1,2,4,3,3,4,4,3,4,4,4,3,4,3,3,3,4,3,2,4,3,4,4,4,4,4,3,3,4,4,2,3,4,4,4,4,4,4,4,0,1,1,0,0,3.35,2.19,3.54,3.62
1000037,3,3,4,3,5,5,4,4,4,4,4,4,4,1,5,4,4,5,3,4,1,1,1,1,1,1,2,1,2,2,2,1,1,1,4,4,4,5,4,4,5,4,4,5,4,4,5,5,4,5,4,5,4,4,4,4,4,5,3,3,4,4,4,4,4,4,4,4,4,4,3,0,1,1,0,0,3.92,1.56,4.33,3.77
1000038,4,3,3,3,4,4,4,4,4,4,4,5,4,3,4,4,4,4,2,4,2,4,1,2,3,2,2,2,2,2,2,3,2,2,4,4,4,4,5,4,4,4,4,5,4,4,4,4,4,4,5,3,4,4,4,4,4,4,3,4,4,4,4,4,4,3,4,4,4,4,5,0,1,1,0,0,3.8,2.31,4.08,3.92
1000039,2,2,2,2,3,5,4,3,5,4,4,4,3,4,4,4,5,4,3,4,2,3,1,1,1,2,4,4,2,3,3,3,3,4,4,3,4,4,4,4,4,5,5,5,5,5,5,5,5,5,4,5,4,4,5,5,5,5,3,4,4,4,4,3,5,3,5,3,4,4,3,0,1,1,0,0,3.47,2.69,4.54,3.77
1000040,3,3,3,3,3,1,3,5,5,3,3,3,5,3,3,3,3,3,1,3,3,3,3,3,3,3,3,3,1,3,3,3,3,1,5,5,5,5,4,4,4,4,4,4,5,5,5,5,4,4,4,3,4,4,5,5,5,5,3,4,4,4,4,3,4,4,3,4,4,3,4,0,1,1,0,0,3.2,2.63,4.46,3.69
1000041,2,2,4,1,4,2,4,2,2,2,2,4,4,2,4,2,4,4,4,4,4,4,2,2,2,1,4,4,2,4,4,4,4,4,2,2,4,4,4,1,1,5,5,5,1,2,4,4,4,4,4,5,3,4,5,5,3,1,2,4,2,4,4,4,4,4,4,4,4,2,2,0,1,0,1,0,2.82,3.31,3.42,3.38
1000042,2,3,2,3,4,4,4,3,3,3,3,3,4,2,3,3,3,4,2,3,3,3,2,2,2,2,3,2,2,2,3,3,3,2,3,4,3,3,3,2,2,2,3,3,2,3,3,2,4,4,4,3,3,3,2,2,3,3,2,2,3,4,3,3,2,2,3,3,3,3,3,1,1,1,0,0,3.07,2.44,2.88,2.77
1000043,5,5,5,5,5,5,5,5,5,5,5,5,5,5,5,5,5,5,5,5,5,5,5,5,5,5,2,5,2,5,5,1,5,5,5,5,5,5,5,5,5,5,5,5,5,5,5,5,5,5,5,5,5,5,5,5,5,5,5,3,5,5,5,5,3,5,5,5,5,3,5,0,1,1,0,0,5,4.38,5,4.54
1000045,5,4,4,4,5,4,3,4,4,4,4,4,5,5,5,4,4,5,4,3,4,4,4,5,4,4,5,5,4,4,4,4,3,5,4,5,4,4,5,4,4,3,4,4,4,5,4,4,3,4,4,5,4,4,4,5,4,4,3,4,3,5,4,4,3,5,4,4,5,5,3,1,1,1,0,0,4.27,4.13,4.13,4
1000046,3,3,4,4,4,5,4,4,3,4,4,4,3,3,3,5,4,5,4,5,4,2,1,3,2,2,3,3,3,2,2,2,2,1,5,5,5,5,5,5,5,5,5,5,5,5,4,5,4,4,5,5,3,5,4,4,5,5,4,5,4,4,5,4,5,3,4,4,4,4,4,0,1,1,0,0,3.78,2.56,4.71,4.15
1000047,2,4,4,3,3,4,4,4,4,4,4,4,4,4,3,4,4,4,4,3,3,4,1,1,1,1,4,1,4,4,4,3,4,4,4,4,3,4,3,3,4,4,3,4,4,4,4,4,4,3,3,4,3,3,4,4,3,4,3,3,4,4,3,4,3,1,4,4,3,4,3,0,1,1,0,0,3.65,2.88,3.63,3.31
1000048,3,3,2,3,3,2,3,3,3,3,3,3,3,3,3,2,3,3,3,2,3,3,2,3,1,2,1,2,3,2,2,3,2,2,3,4,2,2,2,2,2,2,2,2,2,2,2,2,3,3,3,3,2,2,2,2,2,2,2,2,2,3,2,2,2,1,2,2,3,3,2,0,1,0,1,0,2.83,2.25,2.29,2.15
1000049,4,4,4,3,4,2,3,3,3,3,2,3,4,3,3,3,2,3,2,4,3,4,2,3,3,2,3,4,4,3,3,2,4,3,4,4,3,4,2,4,3,4,3,2,4,3,3,2,2,2,2,2,3,3,3,3,3,3,2,2,4,4,4,2,3,2,3,2,1,2,2,0,0,1,0,0,3.13,3.06,2.96,2.54
1000051,3,4,3,4,5,5,5,5,5,5,5,5,3,3,3,4,5,5,5,5,3,5,1,1,1,2,2,2,2,3,2,1,3,1,4,5,4,5,4,4,5,5,4,5,5,5,4,5,5,5,5,5,4,4,5,5,5,5,3,4,5,5,5,4,4,5,5,4,3,5,4,1,0,0,0,1,4.18,2.44,4.67,4.31
1000052,3,4,3,3,3,3,3,4,3,3,3,3,3,3,4,2,3,5,3,3,4,4,3,3,3,4,4,3,2,4,3,3,3,3,3,4,4,5,3,4,4,3,3,5,3,4,4,4,5,4,5,4,2,4,3,4,4,3,3,4,4,4,3,3,4,4,3,4,3,3,5,1,0,0,0,1,3.22,3.25,3.79,3.62
1000054,3,4,3,3,5,4,5,5,3,4,4,3,5,4,3,4,5,5,2,3,2,3,1,2,3,1,1,1,1,1,2,1,2,3,5,5,5,5,5,4,4,4,4,5,5,5,5,5,5,5,5,4,5,5,3,4,4,4,2,4,4,4,5,5,5,3,4,3,4,4,3,1,0,1,0,0,3.98,1.81,4.58,3.85
1000056,2,3,2,3,4,4,3,3,2,3,3,3,2,3,3,4,3,2,3,3,4,3,1,2,3,3,4,3,4,3,4,4,4,2,3,4,3,4,3,2,2,4,4,3,3,4,4,3,4,3,4,3,3,4,4,3,3,4,3,3,3,4,3,3,3,2,2,3,3,3,2,1,0,0,1,0,2.85,3.13,3.38,2.85
1000060,4,4,5,5,3,4,4,4,3,4,4,3,4,4,3,4,4,3,3,5,2,4,2,3,2,4,3,3,3,3,4,4,3,3,5,5,5,4,3,3,4,4,3,4,4,3,4,5,5,4,3,3,3,3,5,4,5,3,4,4,3,3,5,4,2,3,4,3,3,5,4,1,0,1,0,0,3.83,3.19,3.92,3.62
1000061,4,3,4,3,4,4,4,4,2,2,2,4,4,3,4,4,4,4,4,4,4,5,2,2,4,2,4,3,3,4,3,5,3,4,4,5,4,4,4,5,3,4,3,3,5,4,3,4,3,3,4,3,4,4,5,4,3,5,4,3,4,4,4,4,4,2,5,4,3,4,3,0,1,1,0,0,3.5,3.5,3.88,3.69
1000062,5,5,5,5,3,3,3,3,2,3,3,3,3,3,3,4,3,4,4,3,3,3,3,2,2,3,3,3,3,2,3,1,3,2,3,4,3,3,3,3,2,4,3,3,3,3,3,3,5,4,3,3,3,3,2,3,3,3,3,2,3,3,3,3,3,3,4,2,3,3,3,0,0,0,1,0,3.53,2.69,3.13,2.92
1000063,3,3,3,3,3,3,3,4,2,3,3,3,3,2,4,3,3,4,3,3,4,3,1,2,3,2,3,3,3,4,3,3,2,3,5,4,4,4,4,5,3,3,3,3,4,4,3,3,3,3,3,3,4,4,4,4,4,5,3,3,3,3,4,3,3,2,3,3,3,2,1,1,1,0,0,1,2.97,2.81,3.71,2.77
1000066,2,3,3,3,4,4,4,4,3,4,3,4,4,4,4,4,4,4,4,3,3,3,2,4,4,2,2,2,2,2,2,2,2,2,4,5,4,4,4,4,4,5,5,4,4,4,4,4,4,4,4,4,4,4,4,4,4,4,4,4,4,4,3,4,4,4,4,4,3,4,4,1,1,1,0,0,3.6,2.56,4.13,3.85
1000069,3,4,3,3,3,3,3,3,3,3,4,4,3,3,3,4,3,3,3,3,4,2,2,3,4,3,3,3,3,3,4,3,4,3,2,3,3,3,3,3,3,3,3,4,3,4,3,3,2,3,3,3,3,4,3,2,3,4,4,3,4,4,3,3,4,4,3,3,4,4,4,1,1,1,0,0,3.22,3.13,3.04,3.62
1000073,4,4,4,4,3,4,4,4,3,3,3,4,3,4,3,4,3,3,3,4,3,4,3,3,4,3,3,2,3,4,4,4,2,3,4,4,4,3,4,3,4,4,5,4,3,4,3,4,3,4,4,4,4,4,3,4,4,4,3,3,4,3,2,4,3,3,3,4,3,3,3,1,1,0,1,0,3.57,3.25,3.79,3.15
1000074,4,3,3,3,4,4,4,4,3,3,4,4,4,3,4,4,4,4,4,4,3,4,3,4,4,4,2,4,3,4,3,3,4,3,4,4,3,4,4,5,4,4,5,5,4,4,5,4,4,4,5,4,4,4,4,4,4,5,4,5,3,4,4,3,5,3,4,5,4,4,4,1,1,1,0,0,3.7,3.5,4.21,4
1000075,2,3,3,3,4,3,3,3,2,3,2,3,4,3,4,3,3,3,4,4,4,4,1,3,3,2,2,3,3,2,3,4,4,3,3,4,3,3,3,3,3,3,3,3,4,3,3,3,3,3,3,3,3,3,4,3,3,3,3,4,3,4,3,4,3,3,4,4,3,3,3,1,1,0,1,0,2.95,3.06,3.13,3.38
1000077,4,3,4,4,4,4,4,4,4,4,4,4,4,3,4,4,4,4,4,4,3,3,3,3,4,3,3,3,3,3,2,3,2,3,4,4,4,3,4,4,4,4,4,4,4,4,4,4,4,4,4,3,4,4,3,4,4,4,3,3,3,4,4,3,3,3,4,3,3,4,3,0,1,0,1,0,3.85,3.06,3.88,3.31
1000078,3,3,3,3,5,4,4,4,3,4,4,4,2,4,4,5,5,4,3,5,4,4,1,1,2,2,3,3,3,3,3,3,3,2,4,4,4,4,4,4,4,4,4,5,4,3,4,4,4,2,5,4,4,4,3,3,4,3,4,4,4,4,3,4,4,4,3,3,3,4,4,1,0,1,0,0,3.78,2.81,3.83,3.69
1000079,3,4,3,4,3,4,4,4,4,4,4,5,3,3,3,4,4,4,3,4,2,3,1,3,3,2,1,1,1,1,1,1,1,1,4,5,5,5,5,5,4,4,4,3,4,4,3,4,5,5,4,3,4,4,4,4,4,4,4,4,3,4,5,4,5,3,4,4,2,2,2,1,1,0,1,0,3.65,1.81,4.17,3.54
1000080,4,5,5,5,4,3,4,3,3,4,4,3,3,3,4,4,4,4,2,2,2,4,1,2,4,2,4,3,2,3,2,4,2,2,4,5,3,4,3,3,3,2,4,4,4,4,4,4,4,4,4,5,4,4,4,4,3,4,4,2,3,4,1,4,3,2,3,1,4,4,4,0,1,0,1,0,3.7,2.56,3.79,3
1000081,2,3,4,2,2,3,4,3,3,2,3,3,4,3,3,3,2,4,4,3,2,3,3,2,3,3,4,3,4,3,3,4,3,4,3,4,3,2,3,4,3,3,4,3,3,3,3,3,2,3,3,4,3,2,3,4,3,4,2,2,3,4,4,3,2,4,3,2,2,3,3,1,1,0,1,0,2.95,3.19,3.13,2.85
1000084,4,4,3,4,4,4,4,4,3,3,3,3,3,3,4,4,4,4,4,4,3,3,3,3,3,2,3,2,3,3,2,2,2,4,4,4,4,4,4,4,3,5,4,4,3,4,4,4,5,5,4,3,4,4,4,4,3,4,3,4,4,4,4,4,4,3,4,4,2,4,2,0,1,0,1,0,3.6,2.88,3.96,3.54
1000085,3,3,3,4,5,4,5,5,4,5,5,5,4,4,4,5,5,5,4,5,2,2,1,2,2,1,3,4,2,5,2,1,4,2,4,5,5,5,4,4,5,4,5,5,4,4,5,5,5,4,5,4,4,4,4,5,3,4,3,4,4,4,4,4,4,3,4,3,5,5,4,0,1,0,1,0,4.35,2.63,4.42,3.92
1000086,1,2,2,2,4,5,4,2,1,2,2,2,4,2,4,4,2,3,4,2,2,2,2,3,4,2,4,4,3,3,4,4,3,4,4,4,4,4,3,4,2,4,3,3,2,3,4,4,4,4,4,4,4,4,4,3,4,4,2,2,2,4,2,3,4,2,4,3,4,4,4,0,1,1,0,0,2.65,3.13,3.63,3.08
1000087,5,5,5,5,4,5,5,4,3,4,5,5,3,5,4,4,5,5,3,5,4,4,1,3,3,3,2,3,2,2,5,2,4,5,4,4,3,3,4,4,4,4,4,4,4,4,4,5,5,5,5,5,5,5,5,4,4,5,3,4,4,4,4,4,3,3,4,4,3,4,3,0,1,1,0,0,4.38,3.19,4.29,3.62
1000089,3,4,4,4,4,4,4,4,4,3,4,3,2,2,3,2,5,5,2,4,4,2,2,2,5,1,2,2,2,3,4,1,3,3,5,5,5,5,5,5,5,5,5,5,5,5,4,5,4,4,4,3,5,5,4,5,4,4,4,5,4,5,2,5,5,3,5,3,1,4,4,0,0,0,1,0,3.5,2.63,4.63,3.85
1000090,2,4,3,2,4,5,4,4,4,4,4,5,4,4,5,4,4,5,4,4,4,4,1,1,3,1,3,2,1,1,3,2,2,1,4,5,5,5,4,5,4,4,5,4,4,4,5,4,4,5,4,4,5,4,5,4,5,4,4,4,5,5,3,4,5,5,4,5,4,4,4,0,1,0,1,0,3.87,2.31,4.42,4.31
1000092,4,4,4,3,4,4,4,4,3,3,3,4,4,5,4,5,3,3,2,3,4,4,3,3,2,3,3,3,3,3,4,2,3,3,2,4,3,3,4,4,3,4,3,3,3,3,5,3,4,3,2,4,2,3,1,4,2,3,2,2,4,4,3,4,4,1,2,4,2,2,4,1,1,1,0,0,3.73,3,3.13,2.92
1000094,4,4,5,4,4,4,5,3,4,4,5,5,5,4,5,5,4,5,2,2,2,2,2,1,1,1,3,2,1,1,1,4,2,4,4,5,5,5,5,5,5,5,5,5,5,5,4,4,5,5,5,5,4,4,5,5,5,5,2,4,4,5,2,4,4,3,4,4,4,4,4,0,1,0,1,0,4.38,1.94,4.79,3.69
1000097,1,5,3,2,5,3,3,3,3,5,5,1,5,5,3,5,4,4,1,1,1,4,1,1,1,1,5,3,4,2,1,1,1,1,5,4,4,3,3,2,5,5,3,5,5,5,5,3,4,4,3,5,5,4,2,4,3,3,3,3,5,4,4,5,4,5,3,3,5,5,4,0,1,1,0,0,3.72,1.81,3.92,4.08
1000098,2,2,3,3,3,4,4,3,3,3,4,3,3,2,2,3,3,3,3,3,3,3,1,1,3,1,4,4,4,3,4,3,4,4,4,3,3,4,4,4,3,3,3,4,3,3,3,4,4,4,4,4,3,3,3,3,3,3,2,3,4,4,3,3,3,2,4,3,3,4,4,0,1,1,0,0,2.9,3,3.42,3.23
1000100,4,4,4,4,4,3,4,4,2,5,5,3,4,4,3,3,3,4,4,4,4,4,1,1,4,1,2,1,2,1,2,1,2,1,3,4,2,3,2,4,2,5,4,5,4,4,5,5,4,4,5,5,3,3,3,4,3,3,2,4,4,4,2,3,2,2,4,2,4,5,3,0,1,1,0,0,3.62,2.19,3.71,3.15
1000101,5,4,4,4,4,4,4,4,5,4,5,4,5,4,4,4,4,5,3,4,4,4,1,1,3,2,1,2,2,1,2,2,2,2,5,4,4,4,4,4,5,4,5,5,5,5,5,5,5,5,5,5,5,5,5,5,4,5,4,3,4,4,4,5,4,4,5,4,4,4,4,0,1,0,1,0,4.27,2.25,4.71,4.08
1000102,2,2,3,3,2,2,2,2,3,2,4,4,3,2,3,2,3,2,2,3,1,2,2,2,2,2,3,2,2,3,3,2,4,2,2,4,3,3,5,4,3,4,3,3,3,5,3,3,2,5,4,3,4,3,3,5,4,3,4,3,5,5,3,2,3,2,2,2,2,3,3,1,1,0,1,0,2.52,2.31,3.5,3
1000103,2,2,3,4,3,3,3,3,3,4,4,3,3,2,4,4,4,2,3,4,2,3,4,4,4,4,4,4,2,3,3,3,3,3,3,4,3,2,4,3,4,3,3,4,4,2,3,4,2,3,3,2,4,3,3,2,4,3,3,4,2,2,4,3,3,5,4,2,1,3,3,1,1,1,0,0,3.07,3.31,3.13,3
1000104,4,3,4,4,4,5,5,5,1,2,3,5,2,2,3,2,4,5,3,4,4,3,1,1,3,1,4,4,3,2,4,2,3,2,5,5,5,4,4,5,5,5,4,4,5,5,4,5,5,5,4,4,5,5,4,5,5,5,5,3,5,5,5,5,4,4,5,4,5,5,4,0,1,0,0,1,3.48,2.75,4.67,4.54
1000105,2,2,2,1,4,4,4,4,4,4,4,4,5,3,4,5,4,5,2,2,2,3,2,3,2,3,3,4,3,3,3,2,2,1,5,5,4,4,4,5,4,4,5,5,5,4,4,4,5,4,5,3,4,4,5,4,4,4,4,5,4,4,2,4,5,3,4,3,4,4,3,1,0,1,0,0,3.63,2.5,4.33,3.77
1000107,3,4,4,4,3,4,4,4,4,5,5,5,5,4,4,4,4,4,4,4,2,2,1,1,2,2,4,4,3,2,2,2,1,2,4,4,4,4,4,4,5,4,4,4,4,4,4,5,2,3,4,4,4,4,4,3,4,4,2,4,4,4,4,4,4,3,5,3,4,3,4,1,0,1,0,0,4,2.38,3.92,3.69
1000108,3,3,4,3,4,4,4,4,3,3,3,3,3,3,3,4,4,4,3,3,2,3,2,1,2,1,3,4,3,3,1,2,1,2,4,4,4,4,4,4,3,5,4,3,4,4,3,3,4,4,3,4,3,4,4,3,3,3,3,4,4,3,4,3,4,3,3,3,4,3,4,0,1,1,0,0,3.4,2.25,3.67,3.46
1000110,3,3,3,4,4,4,4,3,4,4,4,4,4,4,4,2,4,4,3,2,4,4,2,2,3,3,2,2,3,2,2,3,2,3,4,4,3,3,3,4,4,4,4,3,4,4,3,3,3,3,3,3,4,3,3,3,3,3,2,3,4,4,2,4,3,3,4,4,5,3,3,1,1,0,1,0,3.62,2.63,3.38,3.38
1000112,2,3,3,2,4,4,4,4,4,4,4,4,4,4,4,2,5,4,4,4,4,4,4,4,4,4,4,2,2,1,4,4,4,4,4,4,4,4,4,4,1,3,4,4,3,3,4,4,4,4,4,4,4,4,4,4,2,2,2,4,4,4,2,4,4,2,4,4,2,4,4,0,1,0,1,0,3.63,3.56,3.58,3.38
1000114,3,4,2,3,5,4,4,4,3,4,3,4,4,2,4,3,3,4,3,4,2,2,2,2,1,1,2,1,2,2,3,3,2,2,5,5,5,4,4,4,4,4,4,4,5,4,4,4,4,4,4,4,4,4,4,4,4,4,3,4,4,4,4,4,4,4,4,4,3,3,4,1,1,1,0,0,3.52,2.13,4.17,3.77
1000115,4,4,4,3,4,4,4,4,4,4,4,2,4,4,4,4,4,4,4,3,2,4,2,2,2,4,2,2,2,2,2,2,2,2,4,5,4,5,4,5,4,5,4,5,5,4,3,4,5,4,5,2,4,4,4,5,4,4,3,4,3,5,5,4,4,2,4,5,4,4,4,1,1,0,1,0,3.85,2.44,4.25,3.92
1000116,2,2,3,3,3,3,3,3,3,3,4,3,2,3,3,3,4,4,3,3,3,3,3,3,2,3,3,3,4,3,2,3,3,3,3,3,2,3,3,2,3,3,2,3,4,3,3,3,4,3,4,4,4,4,4,4,4,4,3,3,3,3,3,3,3,3,3,3,2,3,2,1,0,1,0,0,3.03,2.94,3.29,2.85
1000117,2,2,3,3,4,4,4,4,3,3,4,4,4,3,4,4,4,5,4,4,4,4,1,3,5,1,2,2,1,2,2,1,2,2,4,5,3,4,3,5,1,5,5,4,2,4,4,4,5,4,3,4,3,3,4,3,3,3,2,2,4,4,2,4,4,2,4,3,2,4,4,0,1,0,0,1,3.52,2.5,3.67,3.15
1000118,3,4,2,4,2,3,4,4,2,4,4,4,5,3,4,3,4,4,2,2,4,3,1,2,3,2,3,2,2,2,4,2,3,4,4,4,3,3,4,4,3,4,2,3,3,3,4,4,4,3,4,3,3,3,3,4,3,3,2,4,4,4,3,3,3,2,2,2,1,2,3,0,0,1,0,0,3.38,2.56,3.38,2.69
1000120,3,3,3,4,2,5,5,4,4,4,4,4,4,4,4,3,3,3,3,3,3,3,2,4,3,4,1,4,4,4,3,2,3,3,4,4,4,4,4,3,4,3,4,4,4,3,3,4,4,4,3,5,3,3,4,3,4,4,5,3,4,3,2,3,4,3,3,3,2,4,3,0,0,0,1,0,3.6,3.06,3.71,3.23
1000121,4,4,4,3,4,4,5,5,3,4,4,5,4,4,5,4,4,5,3,3,1,3,2,2,1,1,2,2,2,1,3,4,2,3,4,3,4,4,4,3,4,4,3,5,5,5,5,5,5,5,5,5,5,5,4,5,5,4,4,2,4,4,4,3,3,4,4,3,4,4,4,1,0,1,0,0,4.17,2.19,4.42,3.62
1000122,3,3,3,3,3,3,3,3,3,3,4,4,2,3,4,4,4,4,3,2,3,3,1,1,4,1,1,1,2,2,1,1,2,2,4,3,2,3,3,3,4,3,3,4,4,3,4,4,2,2,2,2,4,4,4,3,3,3,2,3,4,3,3,3,3,3,3,3,3,4,3,0,1,1,0,0,3.2,1.88,3.17,3.08
1000123,3,4,3,4,5,3,4,5,4,4,4,3,4,3,4,5,5,4,4,3,4,3,3,4,3,1,1,2,2,1,3,3,3,2,5,4,3,3,4,5,3,4,3,4,4,3,4,4,5,5,5,4,3,4,4,4,3,4,3,4,4,5,4,3,4,3,4,3,4,4,4,0,1,1,0,0,3.88,2.63,3.92,3.77
1000124,3,3,3,2,2,3,4,3,4,3,4,3,4,3,3,4,3,3,2,2,3,2,2,2,2,1,3,3,2,1,1,2,2,2,3,4,4,4,4,4,4,4,4,4,3,4,4,4,3,4,3,4,4,4,4,4,4,4,2,3,4,4,4,4,4,2,4,3,3,4,4,1,1,0,1,0,3.17,2,3.83,3.46
1000125,3,4,4,4,5,5,5,5,4,5,5,5,4,1,5,5,5,5,2,1,1,3,1,1,1,1,4,4,1,4,1,1,1,1,5,5,5,5,5,5,5,5,5,3,5,4,4,5,5,5,5,5,5,5,5,5,4,5,5,5,5,5,3,5,5,3,5,4,5,5,5,1,1,1,0,0,4.4,1.75,4.79,4.62
1000127,4,3,4,4,3,4,5,4,4,4,4,5,3,1,3,4,5,5,4,4,5,4,1,4,4,2,1,5,5,5,5,5,5,5,4,5,5,4,4,5,3,3,4,5,5,5,5,5,4,3,3,3,4,4,5,5,5,5,3,3,3,4,4,4,5,4,4,5,2,4,5,0,1,0,1,0,3.73,4,4.29,3.85
1000128,3,4,4,4,1,4,4,4,4,1,4,4,3,4,4,4,4,4,4,4,4,4,1,1,3,1,4,4,4,3,2,2,3,3,4,4,3,4,4,4,3,4,4,4,3,3,4,4,4,4,4,4,3,3,3,4,4,4,4,3,3,3,2,3,3,2,4,3,4,2,3,1,1,1,0,0,3.45,2.94,3.71,3
1000129,3,1,4,1,5,5,5,2,1,1,5,2,1,1,3,5,5,5,2,4,1,3,1,1,1,1,1,1,1,1,3,1,1,2,4,2,5,4,4,5,4,5,4,3,5,5,5,3,2,1,4,5,3,4,5,4,2,5,2,4,5,4,5,5,5,4,5,2,2,2,3,0,1,0,1,0,3.05,1.56,3.88,3.69
1000130,3,4,4,5,5,5,5,5,5,4,3,4,5,4,5,4,4,4,4,4,1,4,1,1,2,2,2,4,4,4,3,2,1,2,5,5,5,4,5,5,5,4,5,4,5,5,4,5,5,5,4,4,5,5,5,5,5,5,4,5,5,5,4,5,4,4,5,5,4,4,4,1,1,1,0,0,4.2,2.56,4.75,4.46
1000136,5,4,4,3,4,3,5,5,4,4,4,4,4,4,4,4,4,4,4,4,4,3,4,4,4,4,4,4,4,3,4,4,4,4,4,4,4,4,5,4,4,4,4,4,4,4,4,5,4,4,4,4,4,4,4,4,4,4,4,4,4,4,4,4,4,3,5,4,3,4,3,1,1,1,0,0,4,3.88,4.08,3.85
1000137,4,4,3,3,2,4,3,2,4,2,4,4,4,3,4,3,4,5,4,3,3,2,2,2,2,1,3,3,3,4,5,3,4,4,4,5,5,3,4,4,4,3,4,4,5,5,5,3,4,4,4,3,3,4,4,3,4,3,3,3,3,4,2,3,4,1,4,3,4,5,4,1,1,1,0,0,3.5,3,3.92,3.31
1000138,5,5,5,5,5,5,5,5,5,5,3,5,5,4,5,5,5,5,5,5,5,5,1,1,1,1,5,5,5,5,4,4,4,2,5,5,5,5,5,5,5,5,5,5,5,5,4,3,5,5,5,5,5,5,5,5,4,5,5,5,5,5,5,5,5,3,5,3,2,2,3,0,1,1,0,0,4.65,3.63,4.83,4.08
1000140,3,3,2,4,4,5,5,4,4,4,3,2,3,4,4,4,4,5,1,4,2,2,1,1,2,1,3,3,3,2,5,3,2,3,4,5,4,3,3,4,4,4,4,4,4,4,3,3,5,4,4,4,4,4,4,4,3,4,3,3,4,4,3,4,3,3,3,3,4,4,3,0,0,1,0,0,3.62,2.38,3.88,3.38
1000141,2,3,3,3,2,3,3,3,2,3,3,3,3,3,3,3,4,4,3,3,3,3,1,2,1,3,3,3,3,3,3,3,3,3,3,3,3,4,4,4,4,4,3,3,4,4,4,4,4,4,4,5,3,3,4,3,3,3,3,3,3,3,3,3,3,3,3,3,3,3,3,1,1,1,0,0,2.98,2.69,3.63,3
1000143,4,2,3,2,4,3,4,3,3,4,4,2,4,3,2,4,4,3,3,3,2,1,2,2,2,2,2,3,2,2,2,3,3,2,4,4,3,3,2,4,3,3,3,3,3,3,3,3,1,2,3,4,3,5,4,2,3,3,3,3,3,2,2,3,3,4,3,3,2,2,2,0,1,1,0,0,3.18,2.25,3.08,2.69
1000144,4,4,3,3,3,4,4,3,4,4,4,3,3,3,3,3,3,3,3,3,3,2,2,3,4,4,3,3,3,3,3,3,3,3,3,3,4,3,3,3,3,4,3,4,3,3,4,3,3,3,3,3,3,4,3,3,4,3,3,3,2,4,3,3,2,4,3,3,3,3,3,1,1,0,1,0,3.35,3,3.25,3
1000145,4,2,3,4,5,5,5,3,3,3,2,4,4,5,3,4,4,5,3,4,4,3,1,1,1,1,1,1,1,1,2,3,2,1,3,5,2,2,2,2,3,4,4,3,2,3,3,2,4,4,2,2,2,4,4,3,4,4,3,2,4,5,4,3,4,1,4,1,2,5,4,0,0,1,0,0,3.72,1.88,3.04,3.23
1000146,3,3,3,3,3,3,3,3,3,3,3,4,3,3,4,3,3,3,3,3,3,3,3,2,3,2,3,3,3,3,3,3,3,3,3,4,1,2,1,2,2,3,2,2,1,1,3,1,2,2,2,3,2,2,2,3,2,2,2,1,2,2,2,2,1,1,2,2,2,2,2,1,0,0,1,0,3.1,2.88,2.08,1.77
1000147,3,3,4,4,4,4,4,4,4,4,4,4,3,3,3,4,4,4,4,4,3,3,1,1,3,1,2,1,1,1,4,1,3,1,4,5,3,4,3,4,4,4,4,5,4,4,3,3,5,5,5,5,4,4,5,5,4,4,3,5,5,5,3,4,3,2,5,3,3,3,4,0,1,1,0,0,3.65,2.13,4.17,3.69
1000148,3,3,3,3,4,4,4,4,4,4,3,3,3,3,4,4,4,4,3,3,2,2,1,2,3,2,3,2,2,2,2,1,1,1,4,4,4,4,4,4,3,4,4,3,4,3,3,3,4,4,3,3,4,4,4,4,3,4,3,2,4,4,4,4,4,3,4,3,4,3,4,0,1,0,1,0,3.5,2,3.67,3.54
1000150,3,3,3,3,3,3,3,3,3,3,3,3,3,3,3,2,4,4,2,2,2,3,2,2,2,2,2,2,2,2,2,2,2,2,3,3,3,3,3,3,3,3,3,3,3,3,3,3,3,3,3,3,3,3,3,3,3,3,3,3,3,3,3,3,3,3,3,3,3,3,3,0,1,0,1,0,3.07,2.06,3,3
1000151,1,1,1,1,5,5,5,5,5,3,5,5,4,3,3,1,5,5,2,3,1,1,1,3,2,2,3,1,3,1,1,4,3,5,5,5,5,5,5,5,4,4,4,5,2,4,5,5,5,5,4,5,4,4,4,4,4,5,4,5,5,4,3,5,4,3,4,4,4,4,5,1,1,0,1,0,3.38,2.25,4.46,4.15
1000152,2,3,3,3,3,4,4,3,1,1,1,3,1,2,4,4,4,4,4,4,4,4,2,3,3,3,3,4,5,4,4,4,4,4,3,3,4,4,4,4,3,4,4,4,3,3,4,4,4,4,4,4,3,4,3,4,4,4,3,4,4,4,3,4,4,4,4,4,4,4,4,1,0,0,1,0,2.85,3.69,3.71,3.85
1000153,4,3,3,3,4,4,3,3,5,3,3,3,4,4,3,4,4,3,4,4,3,4,4,4,3,3,5,3,3,3,5,3,4,4,4,3,4,3,4,4,3,3,3,3,3,4,3,3,3,4,3,3,3,3,3,3,3,4,3,3,3,4,3,3,3,4,3,3,3,3,3,1,1,1,0,0,3.58,3.69,3.29,3.15
1000154,3,4,3,3,4,4,4,4,4,4,4,3,4,3,3,4,4,4,4,4,4,4,3,4,4,3,2,2,2,2,4,3,4,2,4,5,3,4,3,4,2,4,4,4,3,3,4,3,4,4,4,4,4,4,4,4,4,4,3,3,3,3,3,3,3,4,4,2,4,4,3,0,1,1,0,0,3.6,3.19,3.75,3.23
1000155,4,3,2,3,2,4,2,2,3,4,3,2,3,2,3,3,3,3,3,2,4,4,4,3,4,2,2,3,4,3,4,2,2,4,2,3,2,3,4,4,4,3,2,2,2,3,3,2,4,4,3,3,2,3,2,2,3,4,3,4,4,3,4,2,2,3,2,3,4,3,3,1,1,1,0,0,2.85,3.13,2.88,3.08
1000159,4,3,4,4,3,4,4,4,2,2,4,3,4,3,3,4,4,4,3,3,2,3,1,2,1,4,2,2,4,2,2,1,2,2,5,4,4,3,4,5,3,4,4,4,4,3,4,4,3,3,3,4,3,4,4,4,3,4,3,3,4,3,4,4,4,3,4,3,4,4,3,1,1,0,1,0,3.5,2.25,3.75,3.54
1000160,4,4,4,4,4,4,4,4,4,3,3,3,4,2,3,3,3,4,4,3,3,4,1,2,3,2,4,4,4,4,2,4,2,4,4,4,3,4,3,4,3,4,3,4,3,4,4,4,4,4,4,4,4,4,4,4,4,4,4,3,4,3,3,3,3,3,4,3,3,3,3,0,1,1,0,0,3.47,3.13,3.79,3.23
1000161,4,3,3,4,3,4,4,3,3,3,4,2,3,4,3,2,4,3,3,4,3,4,3,4,3,3,3,4,3,4,3,3,3,4,3,4,3,3,3,4,3,3,3,3,3,4,3,3,3,4,3,3,3,3,4,3,3,3,3,3,3,3,3,3,3,3,3,4,2,3,4,1,1,0,1,0,3.25,3.38,3.21,3.08
1000163,2,3,3,4,5,4,4,3,2,2,2,2,3,2,2,5,3,4,4,5,5,5,4,5,5,5,2,4,1,1,5,4,4,4,4,4,4,4,5,4,5,5,4,5,1,3,4,3,5,3,4,2,4,3,3,4,3,5,3,5,3,4,4,4,5,3,3,2,2,3,4,1,1,1,0,0,3.15,3.94,3.79,3.46
1000164,4,4,4,4,3,3,3,3,4,4,3,3,4,3,4,3,4,4,5,3,3,4,3,2,3,3,3,3,3,3,3,3,3,4,4,4,5,4,5,4,4,4,4,3,4,3,4,4,3,4,4,3,4,3,4,4,3,4,3,4,4,4,5,4,4,3,4,3,4,4,4,0,1,1,0,0,3.58,3.19,3.83,3.85
1000165,4,4,4,4,3,5,4,4,3,4,4,3,3,4,4,4,2,4,4,3,4,3,1,3,4,4,2,3,4,3,4,1,2,3,5,4,4,3,4,4,4,3,4,4,2,5,4,3,4,4,3,4,3,4,5,4,4,4,4,3,4,3,4,3,4,4,4,3,5,4,4,0,1,1,0,0,3.62,3,3.83,3.77
1000166,2,3,2,3,4,4,3,3,5,5,4,4,4,3,4,3,4,3,3,2,5,2,4,3,4,4,2,2,3,2,3,2,3,1,3,4,3,3,2,3,4,4,3,3,3,3,3,2,3,3,3,3,3,3,4,4,3,3,3,3,3,3,3,3,3,2,3,3,2,2,2,0,1,0,1,0,3.52,2.81,3.13,2.69
1000167,4,2,2,3,4,4,4,4,2,3,3,3,4,3,3,4,4,4,4,2,4,4,2,3,4,2,3,3,2,4,3,4,3,4,4,4,4,4,4,4,4,4,4,4,3,4,4,4,4,4,4,4,4,4,4,3,3,3,4,4,4,4,4,4,4,4,3,4,4,4,4,0,1,1,0,0,3.4,3.19,3.83,3.92
1000168,2,2,1,2,3,4,5,2,3,3,2,3,2,3,4,4,5,4,1,4,4,3,1,2,4,2,1,3,1,1,4,2,4,5,5,4,2,2,4,4,3,3,3,3,3,3,4,4,4,4,2,5,3,3,3,2,4,3,2,4,2,3,3,3,3,2,4,3,3,3,4,1,1,0,1,0,3.07,2.63,3.33,3
1000169,4,4,4,4,4,5,4,4,3,4,4,4,4,1,3,5,4,4,4,4,2,2,1,1,1,1,4,4,2,3,1,1,2,1,5,5,4,4,4,4,3,4,4,3,4,5,4,3,4,3,3,2,4,4,4,3,4,4,5,4,3,4,5,4,4,4,5,4,3,3,3,0,1,0,1,0,3.77,2.13,3.79,3.92
1000171,5,5,5,4,4,5,5,5,4,5,5,5,5,5,5,5,5,5,3,1,3,3,1,1,2,1,2,1,2,1,1,1,1,1,5,5,5,5,5,5,5,5,5,5,5,5,5,5,5,5,4,5,5,5,4,5,4,4,5,4,5,5,4,5,5,3,5,3,5,5,5,0,1,0,1,0,4.7,1.56,4.83,4.54
1000173,2,2,1,2,1,4,3,2,2,2,2,2,3,2,2,2,3,4,3,2,1,2,1,2,1,2,3,3,2,2,2,2,3,4,4,4,4,4,4,4,3,2,3,3,4,3,3,3,4,3,3,2,3,3,4,3,3,4,4,2,3,3,3,4,4,2,4,4,3,3,3,0,1,1,0,0,2.25,2.19,3.33,3.23
1000174,2,4,4,4,4,4,5,4,3,4,4,5,4,2,4,4,5,4,2,5,2,4,2,2,1,2,2,4,4,2,4,2,4,2,4,4,3,4,4,4,4,4,4,4,4,2,4,4,4,4,4,4,4,4,3,3,3,4,2,3,4,4,2,2,3,2,4,2,4,4,4,0,1,1,0,0,3.92,2.75,3.75,3.08
1000175,2,2,3,2,3,4,3,3,3,3,2,3,2,3,4,2,4,4,3,3,4,2,3,2,4,2,3,3,3,3,4,3,3,4,4,5,3,4,4,4,3,5,5,4,3,4,4,4,4,4,3,4,3,3,3,3,3,3,4,4,3,3,4,2,3,1,3,3,2,2,2,0,1,0,1,0,2.92,3.06,3.71,2.77
1000177,5,5,5,2,1,5,4,3,5,5,5,5,5,4,5,5,5,5,5,5,5,3,5,1,5,4,3,1,4,4,5,1,1,5,5,5,3,3,3,5,3,5,3,3,4,4,5,5,5,5,5,5,5,5,3,4,3,4,3,3,3,3,3,3,3,2,3,3,3,3,3,1,0,0,1,0,4.25,3.56,4.17,2.92
1000178,4,4,2,3,4,4,3,3,4,4,2,3,4,3,3,4,3,3,4,4,4,3,4,2,4,3,4,4,3,3,4,2,4,3,4,4,4,4,4,4,4,4,4,4,3,3,3,3,3,3,3,3,3,3,4,4,4,4,3,3,4,4,3,4,4,4,4,4,2,2,3,0,0,0,1,0,3.37,3.44,3.58,3.38
1000179,2,1,2,4,4,3,4,3,3,2,3,3,4,3,4,4,4,4,3,3,1,2,1,1,1,2,3,3,3,3,3,1,3,2,3,5,3,4,4,4,3,3,5,5,4,3,4,3,4,4,4,3,3,4,3,4,4,4,3,4,4,4,4,4,4,2,4,4,4,4,4,1,0,0,1,0,3.15,2.19,3.75,3.77
1000180,2,2,2,3,3,4,3,3,3,3,1,1,3,2,2,1,2,4,1,1,4,2,1,1,1,1,4,4,3,3,4,5,4,4,5,4,2,4,3,4,3,4,3,3,4,4,3,4,3,4,3,4,3,4,4,4,3,4,4,4,4,4,4,3,4,2,4,3,3,3,4,0,0,0,0,1,2.42,2.69,3.58,3.54
1000182,4,3,3,4,4,4,4,2,3,3,2,4,4,4,4,4,4,3,2,2,1,1,1,1,1,1,1,1,1,1,2,1,1,1,4,4,4,4,4,4,3,4,4,4,4,4,4,4,4,4,4,4,3,4,4,4,4,4,3,3,4,4,4,4,4,3,4,4,4,4,4,0,1,0,0,1,3.43,1.19,3.92,3.77
1000184,2,3,4,4,3,3,3,3,3,2,2,3,2,1,4,3,2,4,4,4,4,5,1,3,3,3,4,4,3,3,5,5,4,5,3,4,3,2,2,3,2,3,3,3,3,4,3,2,2,3,3,2,3,3,3,3,2,2,3,3,3,3,3,3,3,2,2,2,2,2,3,0,1,0,1,0,2.8,3.75,2.75,2.62
1000186,5,5,5,5,5,5,5,5,4,5,5,5,5,5,5,3,5,5,4,4,3,5,4,5,2,4,2,5,5,4,5,5,5,5,5,5,4,2,3,4,1,5,5,5,3,4,4,4,3,4,4,5,4,4,5,5,3,4,3,3,3,5,3,4,5,3,5,3,3,4,4,1,1,0,1,0,4.82,4.19,3.96,3.69
1000187,3,3,2,3,5,4,5,5,3,4,3,5,3,2,3,3,4,3,3,4,3,4,1,1,3,3,2,3,3,2,4,3,4,3,4,5,4,4,4,4,3,5,5,5,5,5,5,5,5,5,5,5,5,5,5,5,5,5,4,3,4,5,4,3,4,4,4,4,4,5,4,1,1,1,0,0,3.42,2.88,4.71,4
1000188,3,3,3,3,4,4,3,4,4,4,4,3,3,3,3,3,4,4,3,3,3,3,3,3,3,3,2,3,3,3,3,3,3,3,3,3,3,4,4,4,3,3,3,3,3,3,4,3,4,3,3,3,4,3,3,3,3,4,4,4,3,4,3,4,3,4,3,3,3,3,3,1,1,0,1,0,3.43,2.94,3.29,3.38
1000189,3,3,3,3,3,3,3,3,3,3,3,3,3,3,3,4,3,4,3,4,3,3,2,2,3,3,3,3,3,3,3,2,3,3,4,3,4,3,4,3,4,4,4,4,4,4,3,3,4,4,4,4,4,3,4,3,3,4,4,3,3,4,4,3,3,3,4,4,4,4,4,1,1,0,1,0,3.13,2.88,3.67,3.62
1000191,2,2,2,2,4,3,4,3,2,2,3,3,2,3,3,4,4,4,3,3,3,1,2,1,4,2,3,3,2,2,1,3,3,2,3,4,3,3,3,3,3,3,3,4,3,3,3,3,3,3,3,3,3,3,2,3,2,2,3,3,3,3,3,3,3,2,3,2,2,2,2,0,1,1,0,0,3,2.38,2.96,2.62
1000195,5,4,4,4,4,4,4,4,4,4,4,3,5,2,2,3,3,4,3,4,3,4,3,3,2,3,2,3,2,2,4,2,3,2,5,4,5,4,4,3,4,4,3,4,5,5,4,3,4,4,4,5,5,5,5,5,5,4,3,4,4,4,4,4,4,2,4,3,4,2,3,1,0,0,1,0,3.72,2.81,4.29,3.46
1000198,4,3,3,3,3,4,4,4,3,4,4,3,3,3,3,4,3,4,4,3,2,3,3,4,3,3,2,3,3,3,2,3,2,3,3,3,3,3,3,4,4,4,4,4,4,4,4,4,4,4,4,3,4,3,4,4,4,4,3,3,3,3,3,3,4,3,4,3,3,3,3,1,1,1,0,0,3.43,2.88,3.71,3.15
1000199,2,4,4,2,3,3,5,2,4,4,5,3,3,3,3,2,4,3,4,2,3,4,1,4,4,3,4,4,3,4,3,3,3,4,4,3,3,4,4,4,3,4,4,4,4,4,4,4,4,4,4,4,4,4,4,5,2,5,4,4,5,4,2,4,4,4,3,3,4,4,4,1,0,0,1,0,3.35,3.31,3.88,3.77
1000203,3,4,4,4,3,4,3,4,3,4,4,4,4,4,4,4,4,4,4,2,4,3,2,3,3,3,4,3,3,3,2,3,2,3,5,5,3,4,3,4,4,4,4,4,4,4,4,3,3,3,3,4,3,3,3,3,3,3,4,3,4,4,3,4,4,3,3,3,3,5,4,0,1,0,1,0,3.8,2.94,3.58,3.62
1000204,1,1,4,4,3,2,3,3,1,1,1,1,2,4,3,3,5,5,2,5,5,2,1,1,2,1,3,3,4,3,4,2,5,2,5,4,4,5,3,4,1,5,4,3,2,4,5,3,2,3,5,5,4,4,5,4,2,3,3,4,5,5,4,5,5,5,4,5,4,5,5,0,1,1,0,0,2.62,2.81,3.71,4.54
1000206,4,4,4,4,2,4,4,3,4,4,4,4,4,3,4,3,4,4,4,4,2,2,2,2,2,2,2,4,4,4,4,4,4,2,4,4,1,4,2,4,2,2,2,2,4,3,4,4,4,4,4,4,2,2,4,4,4,4,3,3,4,4,2,4,4,4,4,3,3,4,3,0,0,0,0,1,3.63,3,3.25,3.46
1000207,3,4,3,3,4,4,4,4,4,4,4,4,4,4,4,4,4,4,3,3,4,3,1,2,2,1,2,2,2,2,2,2,2,1,4,5,3,4,4,4,4,3,4,4,4,4,4,4,4,4,3,2,3,3,3,3,2,2,2,2,4,4,3,4,4,2,4,3,3,3,3,0,1,0,1,0,3.85,2.13,3.5,3.15
1000208,4,3,3,3,4,3,4,4,3,3,4,3,2,1,4,4,4,4,3,2,2,3,2,3,3,3,1,2,3,3,2,2,2,3,3,4,4,4,4,4,4,3,4,5,4,4,4,4,4,4,4,3,3,3,2,4,3,3,3,4,3,4,4,4,3,2,3,2,3,4,4,1,1,1,0,0,3.35,2.44,3.67,3.31
1000212,2,3,3,2,4,4,4,4,4,3,4,4,4,3,4,3,4,4,3,3,3,2,3,3,3,2,4,4,4,4,3,4,4,3,4,5,5,5,4,5,5,4,4,4,4,4,4,4,4,4,3,3,5,5,5,5,5,5,4,4,4,4,4,4,4,4,4,4,4,3,5,0,1,1,0,0,3.43,3.25,4.38,4
1000213,4,3,3,3,4,3,4,2,4,3,1,4,3,4,2,3,4,4,3,3,2,2,1,1,2,1,3,1,1,1,2,2,2,3,3,4,3,3,3,3,4,4,4,4,4,4,3,4,3,3,4,2,4,4,5,4,5,5,4,3,3,4,3,4,4,4,5,4,2,2,3,1,1,0,1,0,3.28,1.88,3.71,3.46
1000215,3,3,2,3,4,4,3,3,3,3,3,3,3,2,3,4,4,4,3,4,4,2,2,2,2,1,2,2,2,2,3,3,3,3,4,3,3,2,3,4,4,4,4,4,3,4,4,4,4,3,3,4,4,4,4,4,4,4,2,1,3,4,2,3,3,2,3,3,2,3,3,1,0,0,1,0,3.15,2.5,3.67,2.62
1000216,3,3,3,3,5,5,5,3,4,3,4,4,4,3,4,4,4,4,4,4,4,1,1,1,3,1,3,3,3,3,3,4,4,3,5,5,5,5,5,5,4,5,4,4,5,4,5,4,5,5,5,3,4,4,4,4,5,4,3,4,5,5,3,4,4,4,5,4,3,3,4,1,1,1,0,0,3.7,2.81,4.5,3.92
1000219,3,4,3,4,3,3,3,3,2,3,3,3,3,3,3,3,3,3,3,3,3,3,3,3,3,3,3,3,3,4,3,3,3,3,3,3,2,3,3,3,3,3,3,3,2,3,3,3,3,3,3,3,3,3,2,3,3,3,3,3,3,3,3,3,4,3,3,4,3,3,3,0,1,0,0,1,3.05,3.06,2.88,3.15
1000220,1,1,1,1,4,1,5,4,1,1,3,2,1,1,3,1,1,4,5,4,4,1,4,1,1,2,4,5,5,4,5,5,4,4,1,1,1,1,1,1,1,3,2,1,1,2,2,1,2,2,2,2,1,2,4,4,2,4,3,4,4,1,3,4,3,1,1,3,1,1,2,0,1,0,1,0,2.05,3.63,1.83,2.38
1000221,2,3,4,3,4,3,3,4,2,2,2,3,3,3,3,2,4,4,3,3,3,2,1,1,2,1,3,2,2,2,1,1,1,1,5,4,4,4,4,5,5,4,4,4,5,4,3,4,3,4,3,3,3,4,3,4,3,3,3,4,4,5,4,4,4,3,4,3,3,3,3,1,1,1,0,0,3.02,1.81,3.83,3.62
1000223,4,4,4,4,5,5,5,4,5,5,5,5,4,4,5,4,5,5,4,1,1,1,1,1,1,1,2,1,2,1,1,1,1,1,5,5,5,5,5,5,5,5,5,4,5,5,5,5,5,5,5,5,5,4,4,5,5,5,4,5,5,5,5,5,5,4,5,5,5,5,5,0,1,1,0,0,4.48,1.31,4.88,4.85
1000224,5,5,4,5,3,3,3,1,4,5,1,3,5,1,3,5,5,5,4,5,4,1,1,1,1,1,5,5,4,5,5,3,5,3,3,5,1,1,1,1,5,1,2,5,1,2,5,5,1,1,3,5,3,5,1,3,3,3,1,5,2,5,4,4,3,1,4,2,1,5,3,0,1,1,0,0,3.7,3.31,2.75,3.08
1000225,3,4,3,4,4,4,4,4,4,4,4,4,4,4,4,3,4,4,4,3,3,4,2,2,3,3,3,3,3,3,2,2,2,2,4,4,4,4,4,5,4,4,5,4,4,4,4,4,4,4,4,4,3,4,4,4,4,4,4,4,4,4,5,4,4,3,4,4,3,4,4,1,1,1,0,0,3.78,2.75,4.04,3.92
1000226,3,3,3,3,4,4,4,4,3,3,4,3,3,3,4,3,4,4,3,4,4,3,2,2,2,2,3,3,4,3,3,3,3,3,4,4,4,3,3,4,2,3,3,2,3,4,4,3,4,4,4,3,4,3,3,3,4,4,3,2,3,3,2,3,4,3,3,3,3,3,4,1,1,0,1,0,3.43,2.94,3.42,3
1000227,5,4,4,5,5,5,5,5,4,4,5,5,4,3,4,5,4,5,3,4,3,4,1,1,4,2,4,3,3,4,2,1,2,3,5,5,5,5,5,5,4,4,5,5,5,5,5,5,4,4,4,5,5,5,4,5,5,5,4,5,5,5,4,5,5,4,5,5,4,4,5,0,1,1,0,0,4.53,2.75,4.75,4.62
1000229,1,2,1,2,4,4,4,2,1,1,1,2,2,2,3,1,3,4,2,3,4,2,1,1,1,2,4,4,2,4,4,1,5,2,5,5,4,4,5,5,4,4,4,4,4,4,4,5,5,5,3,3,4,4,4,4,3,3,3,3,3,4,3,3,4,3,4,3,4,4,4,0,0,1,0,0,2.18,2.63,4.13,3.46
1000230,3,3,3,3,4,4,4,4,2,2,3,4,3,2,3,4,4,4,4,4,4,4,3,3,3,3,2,2,2,2,4,3,4,3,4,4,3,4,3,4,3,3,4,4,3,4,4,4,4,4,4,4,3,3,3,4,3,3,3,4,4,4,4,3,4,3,4,4,4,4,4,1,1,0,1,0,3.25,3.13,3.58,3.77
1000232,5,4,4,4,5,4,5,5,4,5,5,5,4,4,4,4,5,5,4,4,3,3,2,1,1,1,1,1,1,1,5,1,1,3,5,5,5,5,5,5,5,4,5,4,5,5,5,5,5,5,5,3,4,4,4,5,5,5,5,5,3,5,5,5,5,4,5,5,2,2,3,1,1,1,0,0,4.48,2.06,4.71,4.15
1000236,4,3,4,4,4,4,4,4,4,4,4,4,4,4,4,4,4,4,3,3,4,3,2,2,3,3,3,3,3,3,4,3,4,3,5,4,3,4,3,4,4,3,4,4,4,4,4,4,5,4,3,4,3,3,3,4,3,3,3,5,4,4,4,4,4,2,4,3,2,3,2,0,1,1,0,0,3.95,3.06,3.71,3.38
1000240,4,3,3,4,4,4,4,4,3,3,4,4,4,2,4,3,3,4,3,3,1,3,1,1,1,2,3,2,3,3,3,2,2,2,3,4,4,4,4,5,4,4,4,5,4,4,5,4,3,4,4,3,4,4,4,4,4,4,3,2,4,4,4,4,3,4,4,4,3,4,3,0,1,0,1,0,3.52,2.19,4,3.54
1000242,1,1,1,1,1,1,1,4,2,1,1,1,3,1,1,2,3,4,2,2,2,1,1,1,1,1,2,1,1,1,2,1,1,1,4,5,3,4,2,4,3,4,4,4,4,4,4,4,4,4,4,4,4,4,4,4,4,4,1,1,1,3,2,1,1,1,1,2,3,2,3,0,0,1,0,0,1.7,1.31,3.88,1.69
1000243,3,2,3,3,4,4,4,4,3,3,4,4,3,3,3,2,4,4,1,2,2,3,1,2,2,2,3,2,2,2,4,3,3,3,5,5,3,4,4,5,3,4,4,4,3,4,4,4,4,5,4,4,3,3,4,4,3,4,4,3,4,4,4,4,4,3,4,4,3,3,4,0,1,0,1,0,3.32,2.31,3.92,3.69
1000244,4,3,4,3,4,5,4,4,3,3,4,4,3,3,3,4,4,4,2,2,2,3,1,1,3,2,2,2,2,2,1,2,2,2,4,4,5,4,4,5,4,5,4,5,5,5,4,4,4,4,4,3,5,4,4,5,4,5,4,3,3,4,4,4,4,3,5,4,2,3,3,1,1,1,0,0,3.65,1.94,4.33,3.54
1000245,4,4,4,4,5,5,4,4,4,4,4,4,4,4,4,4,5,3,4,3,2,4,2,4,3,4,2,2,3,3,3,4,3,3,4,3,4,4,4,4,4,4,4,4,4,4,3,4,4,4,4,4,3,4,4,4,3,4,4,4,4,3,4,5,4,4,4,4,3,5,3,0,1,1,0,0,3.95,3.06,3.83,3.92
1000247,3,4,4,4,4,4,4,4,4,4,4,4,3,3,3,4,3,4,3,3,2,3,1,1,3,1,3,3,2,2,2,2,1,2,4,4,4,4,4,4,3,4,4,3,3,4,3,4,4,4,3,3,4,4,4,4,3,4,3,4,4,4,3,4,3,3,4,3,3,3,3,1,1,1,0,0,3.73,2.13,3.71,3.38
1000248,2,4,2,3,4,3,4,3,3,4,2,2,3,3,3,3,3,4,2,3,2,2,1,1,1,2,1,2,1,1,3,2,2,1,3,4,3,3,2,4,5,3,3,3,4,4,4,4,4,4,2,3,3,3,3,3,4,4,2,3,3,4,4,3,4,2,4,2,4,4,4,1,0,1,0,0,3.07,1.69,3.42,3.31
1000252,4,3,3,4,4,3,3,4,2,3,4,4,3,2,4,4,4,3,3,4,4,3,3,4,4,3,4,3,4,3,3,4,4,2,4,5,4,3,3,3,3,4,4,4,4,4,4,4,4,4,3,4,4,4,3,3,3,3,3,2,5,5,4,4,4,4,3,2,5,5,4,0,1,1,0,0,3.43,3.44,3.67,3.85
1000253,4,3,4,3,4,4,4,4,4,4,4,4,2,3,3,4,4,4,4,4,3,4,2,4,4,3,3,4,4,2,4,5,2,3,4,4,4,3,3,4,2,3,4,2,4,3,4,4,4,3,4,4,3,3,4,3,4,3,3,3,4,4,2,4,4,4,4,3,3,3,4,1,1,0,0,1,3.65,3.44,3.46,3.46
1000255,3,3,3,3,2,4,2,3,2,3,4,2,2,2,2,2,3,2,3,3,3,3,1,2,1,3,5,5,3,3,3,4,3,2,4,3,4,3,4,4,3,3,3,3,2,3,4,3,3,4,4,3,4,3,4,4,4,4,4,3,4,4,4,4,4,3,4,3,3,3,3,1,0,1,0,0,2.62,2.94,3.46,3.54
1000256,3,4,3,3,4,3,4,3,3,4,4,5,3,3,3,5,5,4,4,4,3,3,1,1,1,2,2,2,2,2,2,3,2,1,4,5,4,4,4,5,3,4,5,4,4,3,5,4,5,4,4,4,4,3,4,4,5,4,4,4,5,5,3,4,4,4,5,4,4,4,5,0,1,1,0,0,3.68,2.19,4.13,4.23
1000257,4,4,3,4,4,2,2,3,2,4,2,3,3,2,2,4,3,4,4,4,3,3,2,4,3,4,4,4,2,3,3,3,3,2,3,2,3,4,3,3,3,4,3,3,3,3,4,2,3,3,3,4,3,3,3,2,2,3,3,2,2,3,3,3,4,4,3,4,4,4,3,1,0,0,1,0,3.08,3.19,3,3.23
1000258,3,3,2,3,4,4,4,4,3,3,3,4,3,3,3,3,4,4,2,3,3,2,2,2,3,2,2,2,3,2,3,4,2,3,4,4,3,3,4,4,3,4,4,4,4,4,4,4,4,4,4,3,4,4,3,4,3,3,4,3,3,4,4,3,4,2,4,2,4,4,4,0,0,1,0,0,3.33,2.5,3.71,3.46
1000259,3,3,3,4,4,3,4,3,3,4,4,3,3,4,4,3,4,4,3,4,3,3,4,4,3,3,4,4,4,4,3,3,4,3,3,4,3,3,4,3,4,3,3,3,3,4,3,4,4,3,4,3,3,3,3,4,3,3,3,3,4,4,3,3,3,4,3,4,3,3,3,1,1,0,1,0,3.48,3.5,3.33,3.31
1000260,1,2,2,2,2,5,4,2,2,3,4,4,3,3,4,4,4,4,4,5,4,3,1,1,3,1,4,4,4,4,4,3,4,3,5,5,5,5,5,5,4,5,5,5,5,5,5,5,4,3,5,3,4,5,4,4,5,4,4,4,4,4,4,4,4,4,4,5,3,3,4,0,1,1,0,0,3.05,3.25,4.58,3.92
1000262,2,3,4,4,2,4,4,4,2,3,4,2,2,2,4,4,4,4,4,4,4,4,1,2,2,2,5,4,4,5,4,5,4,4,5,5,5,5,4,5,2,4,4,4,4,4,4,4,4,4,4,2,4,4,4,4,4,4,4,5,4,4,4,4,4,3,4,4,4,4,4,0,1,1,0,0,3.3,3.63,4.04,4
1000263,3,3,3,3,4,3,3,3,3,4,4,4,2,3,3,4,2,3,3,3,3,3,3,4,3,2,3,3,3,3,2,2,3,3,3,4,3,3,3,4,3,3,3,3,3,2,3,4,3,3,4,3,3,2,3,4,4,3,2,3,4,2,3,3,3,2,3,3,3,4,3,1,0,0,1,0,3.15,2.88,3.17,2.92
1000264,3,4,4,4,4,3,4,4,2,3,3,5,4,4,3,3,5,5,4,4,3,3,2,1,2,2,3,3,4,2,4,1,4,5,4,4,5,4,4,5,5,5,5,4,5,4,4,5,4,4,4,5,5,4,4,4,5,4,4,3,3,5,4,4,4,5,4,5,2,4,4,1,1,1,0,0,3.82,2.94,4.42,3.92
1000265,3,2,2,3,5,5,5,4,3,3,3,4,3,3,3,4,4,4,2,3,2,3,1,2,3,3,2,2,2,1,3,1,2,3,5,4,4,4,4,5,3,5,4,4,5,4,4,4,4,3,4,3,4,4,4,4,4,4,5,5,4,5,4,5,4,4,5,4,2,3,4,1,1,0,1,0,3.45,2.19,4.04,4.15
1000267,4,1,4,4,4,4,4,2,3,2,5,4,4,3,5,4,4,5,4,4,4,3,1,1,1,1,2,3,2,3,3,4,4,2,5,5,2,4,2,4,5,3,4,5,2,4,4,3,5,4,4,2,4,4,3,3,3,3,2,2,2,4,2,2,2,1,4,3,3,4,4,1,1,0,1,0,3.67,2.63,3.63,2.69
1000269,2,2,3,3,4,4,5,4,2,5,5,4,5,4,4,5,5,5,4,3,4,2,2,1,5,3,1,1,3,2,1,1,1,2,4,5,3,3,3,4,4,4,4,4,4,4,4,5,4,4,3,3,4,4,4,4,3,4,2,3,3,5,3,4,3,4,4,4,4,4,4,0,1,1,0,0,4,2.25,3.83,3.62
1000270,2,3,2,2,4,4,4,4,3,3,4,4,4,4,4,4,4,4,2,4,3,3,2,3,4,2,4,4,4,4,4,4,2,2,3,4,4,4,4,4,4,4,4,4,4,5,4,3,4,4,3,4,4,4,3,4,4,4,3,4,3,4,4,4,4,3,4,3,4,3,4,0,0,0,1,0,3.45,3.19,3.88,3.62
1000271,2,3,4,2,4,4,3,3,4,4,3,3,4,4,3,3,3,4,3,3,3,3,2,4,4,3,3,2,3,4,3,2,2,3,4,3,3,4,3,3,3,2,3,3,4,4,3,5,3,4,5,3,3,3,2,3,4,3,3,3,3,3,3,3,3,2,3,3,2,4,3,1,1,0,1,0,3.32,2.94,3.33,2.92
1000272,3,3,2,3,4,3,3,4,3,3,4,3,4,4,2,4,3,3,3,4,4,3,1,1,4,1,5,4,5,3,3,5,4,5,3,4,3,3,3,3,2,3,4,3,2,3,4,3,3,3,4,3,3,3,4,3,3,3,3,4,3,4,3,3,3,2,3,3,3,3,3,1,1,1,0,0,3.22,3.44,3.13,3.08
1000273,4,4,4,4,4,4,4,4,4,4,4,4,4,4,4,4,3,4,3,4,2,3,2,2,2,2,3,2,3,2,2,2,2,2,4,5,3,4,4,4,4,5,5,4,4,4,4,3,4,5,5,4,4,3,5,4,4,4,3,4,4,4,4,4,4,2,4,4,4,4,5,1,1,0,1,0,3.88,2.38,4.13,3.85
1000274,5,3,3,4,5,3,3,3,3,4,2,3,4,3,3,3,3,3,3,4,3,4,3,3,3,3,3,3,3,3,3,3,4,3,3,3,3,3,4,3,3,3,3,3,3,3,3,3,3,3,3,3,3,3,4,4,4,3,3,4,4,3,3,3,3,3,3,4,3,3,4,1,1,1,0,0,3.35,3.19,3.17,3.31
1000275,2,2,3,3,4,4,4,3,4,4,4,4,4,3,4,4,4,4,2,3,3,3,1,1,1,1,2,2,1,1,3,1,3,2,4,4,3,3,2,3,4,4,4,4,4,4,3,4,4,4,3,3,3,4,3,3,4,3,3,3,4,4,4,3,4,3,4,4,4,4,4,1,1,0,1,0,3.5,1.88,3.5,3.69
1000276,3,3,4,3,4,3,3,3,3,3,4,3,4,3,4,4,4,4,3,4,4,4,2,2,4,3,2,2,3,3,4,2,4,2,4,4,2,2,2,3,2,3,4,3,2,3,4,2,4,4,3,3,3,3,2,3,2,3,2,2,4,4,3,4,3,1,3,2,3,3,3,1,1,0,1,0,3.5,3,2.92,2.85
1000277,3,3,3,4,4,4,3,3,2,3,4,3,3,2,3,3,4,2,3,2,3,3,2,4,2,4,3,4,4,2,4,2,3,2,3,4,3,4,4,5,5,5,4,3,3,4,4,3,5,4,3,3,4,5,4,3,4,5,4,3,3,4,3,3,3,2,4,4,4,2,3,1,1,0,1,0,3.1,2.94,3.92,3.23
1000278,4,2,3,3,4,2,4,2,3,4,2,3,2,4,4,3,2,4,4,2,3,3,2,3,3,4,4,4,3,4,2,3,3,4,4,2,4,3,4,3,3,2,4,4,3,3,4,2,2,4,3,3,3,2,2,2,4,4,3,4,2,4,3,2,2,4,2,3,4,3,3,1,1,1,0,0,3.05,3.19,3.08,3
1000279,2,1,5,4,5,5,5,1,2,5,3,3,3,5,3,5,5,5,2,2,3,5,1,3,1,1,1,1,1,1,2,1,1,1,5,4,4,5,5,5,2,5,3,4,3,4,3,3,5,3,4,4,4,5,3,4,2,2,3,5,5,4,5,3,5,4,5,5,2,2,3,0,0,0,1,0,3.7,1.69,3.79,3.92
1000283,3,3,3,3,5,4,4,3,3,2,3,3,3,3,4,3,4,4,5,5,5,4,4,4,4,4,3,3,4,3,5,4,4,4,4,4,3,4,3,4,3,4,4,4,2,3,4,3,4,4,4,3,4,4,3,3,3,3,4,4,4,5,4,4,4,4,4,4,4,2,3,0,1,1,0,0,3.33,4.06,3.5,3.85
1000284,3,3,4,3,4,4,4,4,3,3,4,3,4,3,4,2,3,4,1,1,2,3,1,1,2,1,4,4,3,3,1,2,2,2,4,4,3,2,3,4,4,4,4,4,3,4,4,4,4,4,2,3,3,3,4,4,4,4,3,3,4,4,4,4,4,2,4,3,4,3,3,1,1,0,1,0,3.4,2.06,3.58,3.46
1000289,2,4,3,4,3,5,4,2,2,3,3,3,3,4,4,2,4,4,2,4,1,3,2,2,2,2,3,3,3,3,3,2,2,2,4,5,3,4,4,4,3,4,3,3,4,4,4,3,4,4,3,3,4,4,4,4,3,4,3,3,4,3,4,2,4,3,4,3,2,2,3,1,0,0,1,0,3.32,2.44,3.71,3.08
1000290,4,4,4,3,3,2,3,4,3,2,3,4,4,5,3,4,4,3,3,4,3,3,4,3,4,4,3,3,4,2,4,4,4,4,4,4,4,2,3,4,3,4,4,5,3,4,4,3,4,5,5,4,4,3,3,3,2,2,2,3,2,4,2,4,3,3,3,3,3,2,4,1,1,0,1,0,3.48,3.5,3.58,2.92
1000291,1,1,3,3,5,5,5,5,3,3,2,3,3,3,3,3,3,3,4,3,3,3,1,3,3,3,1,1,3,3,1,1,3,3,3,5,2,3,3,4,3,4,3,2,3,3,3,4,3,3,4,3,3,4,3,3,2,3,3,4,3,3,5,3,4,4,3,3,3,3,3,1,1,0,1,0,3.15,2.44,3.17,3.38
1000292,2,2,2,2,3,3,3,4,3,3,4,3,3,2,3,4,3,3,3,3,3,4,3,2,3,2,3,3,3,3,3,4,3,4,4,4,4,4,4,4,4,4,4,4,4,4,3,4,3,4,3,4,3,3,4,4,4,4,3,3,3,4,3,4,3,3,3,2,2,3,3,0,1,0,1,0,2.92,3.06,3.79,3
1000293,3,5,3,4,4,5,5,4,5,5,4,5,5,3,4,4,3,5,3,3,1,1,1,3,3,1,1,2,3,1,1,3,1,3,4,5,5,5,5,5,5,5,5,5,5,5,5,5,5,5,5,3,5,5,5,5,5,5,4,4,4,3,3,4,4,4,4,4,5,4,5,1,1,0,1,0,4.15,1.94,4.88,4
1000295,4,4,4,5,5,4,4,3,2,4,3,4,4,4,4,4,5,4,3,4,3,4,3,3,4,3,4,3,5,5,3,4,4,4,4,3,4,4,4,4,3,4,4,3,4,4,5,4,3,4,4,4,5,4,4,4,5,4,3,3,4,4,4,4,4,4,3,4,5,5,4,1,1,0,1,0,3.97,3.69,3.96,3.92
1000297,2,3,2,2,3,3,3,3,3,2,4,3,3,2,4,4,4,4,4,3,4,3,2,3,4,4,3,2,3,3,2,4,3,3,4,4,3,3,3,3,3,4,4,4,4,3,4,3,3,3,4,3,4,4,4,4,3,4,2,3,4,4,2,4,3,2,3,3,3,4,3,1,1,0,1,0,3.05,3.13,3.54,3.08
1000300,2,3,2,2,4,4,4,4,2,1,3,2,1,2,2,4,2,4,4,4,2,4,3,1,1,1,3,4,4,3,4,4,2,2,4,4,4,3,4,4,3,4,4,4,4,4,4,4,5,4,4,3,4,4,5,4,4,4,4,4,4,4,4,3,4,2,4,2,2,3,4,0,0,0,0,1,2.67,2.88,3.96,3.38
1000303,2,3,3,3,3,4,3,3,3,3,2,3,2,2,3,3,2,4,2,3,2,3,1,1,2,2,4,4,4,4,2,2,2,3,4,4,3,4,3,3,4,4,4,4,4,3,3,4,3,3,2,3,3,4,3,3,4,4,2,3,4,4,3,3,4,3,3,3,4,4,4,0,1,1,0,0,2.8,2.56,3.46,3.38
1000304,2,4,4,3,4,4,4,4,3,3,3,3,3,3,3,3,4,4,3,2,2,3,2,2,3,3,2,2,2,2,2,2,2,3,4,4,4,4,4,5,3,4,4,4,3,4,3,3,3,3,3,4,4,3,4,4,3,3,3,4,4,4,4,4,4,3,4,4,4,4,4,0,1,1,0,0,3.43,2.31,3.63,3.85
1000305,3,3,4,3,3,4,4,4,4,4,3,4,3,4,4,3,3,3,3,2,2,4,2,2,3,2,3,2,3,4,2,3,2,3,5,3,4,3,3,3,4,3,3,3,4,3,3,4,3,3,3,4,3,3,3,3,4,3,3,3,3,3,3,3,4,3,3,3,4,3,3,1,1,0,1,0,3.5,2.63,3.33,3.15
1000306,5,4,4,4,4,4,4,4,3,4,4,4,3,4,5,5,4,5,4,3,2,4,1,3,2,2,2,2,2,2,2,3,1,2,5,5,4,3,4,4,5,4,4,4,4,4,4,4,5,5,4,4,4,4,5,5,4,4,4,5,4,4,4,5,4,4,5,4,3,4,4,1,1,1,0,0,4.08,2.31,4.25,4.15
1000307,3,5,5,3,3,5,3,3,3,5,3,3,5,3,3,3,3,3,3,3,3,3,3,1,3,3,3,3,3,3,1,1,1,3,4,3,3,3,3,3,3,3,3,3,3,3,4,3,3,4,3,3,4,3,4,4,4,4,3,2,3,3,3,3,3,3,3,3,4,3,3,1,1,0,1,0,3.5,2.5,3.33,3
1000310,5,5,5,5,4,4,4,4,2,4,4,4,3,3,2,4,4,4,2,5,4,4,1,4,3,4,3,3,3,3,3,3,5,1,3,4,4,3,3,4,3,2,4,4,2,2,4,4,5,5,4,3,3,3,2,2,3,3,2,2,4,4,2,2,3,2,3,2,3,2,2,0,1,0,0,1,3.9,3.19,3.29,2.54
1000311,2,2,2,3,4,4,4,2,3,3,2,3,3,3,3,4,4,4,3,2,3,2,1,2,1,1,1,3,3,3,3,3,2,2,4,4,4,4,4,4,3,4,4,4,4,4,4,4,4,4,4,4,4,4,2,3,3,4,3,4,4,4,4,4,4,3,4,3,4,4,4,1,1,1,0,0,3.1,2.19,3.79,3.77
1000312,4,4,4,3,4,4,4,3,3,4,4,4,3,3,1,3,3,3,4,3,2,2,2,1,2,4,2,2,2,2,1,2,2,3,5,4,4,4,4,5,5,4,4,4,4,4,4,4,4,3,4,4,4,4,5,4,4,4,4,4,3,4,3,4,3,3,3,4,3,3,2,0,0,0,0,1,3.35,2.25,4.13,3.31
1000313,3,2,2,3,5,5,5,5,2,2,2,3,3,2,4,2,4,4,4,4,4,2,4,4,4,3,4,4,3,2,4,4,4,4,5,5,5,5,5,5,3,4,4,4,4,4,4,4,5,4,5,4,4,4,4,4,4,4,4,5,4,5,4,5,4,5,5,5,4,3,4,0,1,1,0,0,3.27,3.63,4.29,4.38
1000314,4,4,4,3,4,3,4,3,2,3,1,4,2,4,2,4,2,4,2,5,4,4,1,1,1,2,1,3,4,4,4,4,2,1,2,5,2,4,3,4,2,3,4,3,2,2,4,3,3,3,4,4,2,4,4,4,4,4,4,3,4,4,2,2,4,2,3,2,3,4,2,0,1,0,0,1,3.17,2.69,3.29,3
1000315,2,1,1,1,4,3,4,1,1,4,1,3,2,2,3,2,3,4,4,4,5,5,4,3,1,4,5,4,4,2,5,5,5,5,4,3,4,2,4,4,1,3,4,4,2,2,4,3,1,1,5,4,2,3,2,3,2,2,1,2,4,5,5,3,4,4,4,2,2,4,4,1,0,0,1,0,2.3,4.06,2.88,3.38
1000316,4,4,4,2,3,3,4,4,4,5,5,3,3,3,2,3,4,4,3,2,4,2,4,2,2,3,4,4,2,1,4,4,3,4,3,4,4,2,4,4,4,3,3,2,4,5,4,3,3,4,2,4,5,3,4,5,4,3,3,5,4,5,2,4,3,4,4,4,2,2,4,1,1,0,1,0,3.58,3,3.58,3.54
1000317,4,4,4,4,4,4,4,4,4,4,5,4,4,4,4,3,4,4,3,4,4,3,1,3,3,1,3,3,3,3,2,2,2,3,5,5,4,4,3,4,4,4,4,4,5,5,4,4,5,4,4,4,4,4,3,4,4,4,3,4,3,4,2,4,4,3,4,4,4,4,5,0,0,1,0,0,3.93,2.69,4.13,3.69
1000319,2,5,5,5,4,4,5,4,4,4,4,5,5,4,4,4,4,4,3,4,4,3,1,3,3,2,2,3,2,2,5,2,4,3,5,4,4,5,4,5,5,3,4,4,4,4,3,4,3,4,5,4,5,4,5,4,3,3,2,3,4,3,3,3,4,2,4,4,4,2,3,0,1,0,0,1,4.2,2.88,4.08,3.15
1000320,1,3,2,3,2,4,5,5,2,3,3,3,3,3,4,4,5,5,4,5,4,4,1,1,2,1,3,2,2,2,2,2,4,5,5,5,4,3,3,4,3,5,5,3,3,3,4,4,5,4,3,4,5,5,4,4,3,4,2,2,3,3,4,4,5,2,5,2,3,4,3,0,0,0,1,0,3.33,2.75,3.96,3.23
1000321,3,3,4,3,3,4,4,4,3,2,2,2,1,4,4,3,4,4,4,2,4,4,2,4,2,2,3,2,4,2,4,5,3,2,4,4,3,3,3,2,2,3,3,2,2,4,4,4,3,3,3,4,2,2,2,3,2,2,3,2,3,4,3,3,3,1,4,3,1,2,4,0,0,0,0,1,3.13,3.06,2.88,2.77
1000323,2,2,1,1,5,4,4,4,4,4,4,4,3,1,4,4,4,4,4,5,5,5,4,4,4,4,1,1,1,1,5,5,5,5,5,5,4,4,4,4,3,4,4,4,4,4,5,4,4,4,4,4,4,4,5,4,4,4,2,2,4,4,3,3,4,2,4,3,4,4,4,0,1,1,0,0,3.35,3.69,4.13,3.31
1000324,4,2,2,3,5,5,5,5,3,3,4,5,4,3,4,5,4,5,4,5,4,4,3,2,1,2,2,3,2,3,2,5,3,4,5,5,4,4,5,4,3,4,5,4,3,4,4,5,5,5,5,4,4,4,4,4,4,4,3,3,4,5,3,5,4,2,4,4,3,3,5,1,1,1,0,0,3.93,3.06,4.25,3.69
1000325,3,3,3,3,4,4,4,4,4,4,5,5,4,3,4,5,4,4,2,2,4,2,2,3,3,2,2,2,2,2,2,3,2,2,4,4,5,5,5,4,3,4,4,4,3,4,3,5,3,3,3,4,3,4,4,4,3,3,3,4,4,4,3,4,4,3,3,3,4,4,4,0,1,1,0,0,3.87,2.31,3.79,3.62
1000327,3,3,3,3,3,3,3,3,3,3,3,3,2,3,3,3,3,3,3,3,3,3,3,3,3,3,3,3,2,3,3,3,3,3,3,3,3,3,3,3,3,3,3,3,4,3,3,3,3,3,3,3,3,3,3,3,3,3,3,3,3,3,3,3,3,3,3,3,3,3,3,1,1,1,0,0,2.95,2.94,3.04,3
1000328,4,3,3,4,5,5,5,5,3,5,5,5,4,2,5,5,5,5,5,5,3,5,2,2,3,2,3,3,3,4,2,1,2,2,5,5,5,4,4,5,4,5,5,5,5,5,5,4,5,5,5,4,5,5,4,4,5,5,4,5,5,5,4,5,4,3,4,3,5,5,5,0,0,1,0,0,4.4,2.94,4.71,4.38
1000329,4,5,4,4,4,4,4,4,5,5,5,5,4,3,3,5,4,4,4,3,3,2,3,3,4,3,4,3,4,4,3,2,3,2,3,4,5,5,4,5,4,5,5,4,4,5,5,4,5,5,4,4,3,3,4,4,3,4,4,3,4,4,4,3,4,3,5,5,5,4,5,1,1,1,0,0,4.27,3.13,4.21,4.08
1000332,2,3,3,3,3,3,4,4,2,3,4,4,5,2,5,4,4,4,3,4,4,3,3,4,3,4,2,1,2,1,5,5,5,4,5,5,4,3,3,5,3,5,5,5,5,5,3,3,3,4,5,5,5,5,5,5,4,4,3,5,5,4,4,4,3,3,4,3,5,3,4,0,0,1,0,0,3.45,3.31,4.33,3.85
1000333,3,3,3,4,4,3,2,3,2,3,4,3,3,3,4,2,3,3,4,3,3,3,4,3,3,2,3,3,3,3,3,3,3,2,3,4,3,3,4,2,3,3,3,2,3,4,3,3,3,2,3,3,2,3,3,4,3,3,3,3,4,4,3,3,3,3,3,3,4,4,3,0,0,1,0,0,3.03,3,3,3.31
1000335,1,4,3,3,2,4,3,3,3,4,3,1,3,2,3,3,2,5,2,3,3,3,1,1,1,1,4,4,3,4,4,2,4,1,4,3,4,4,4,5,3,4,4,5,5,5,5,4,5,4,5,4,4,4,3,4,4,4,4,5,4,4,4,4,4,4,4,3,2,4,4,1,0,0,1,0,2.92,2.56,4.17,3.85
1000337,2,2,2,3,4,4,4,4,2,3,3,3,4,3,3,4,4,4,2,2,2,2,1,2,3,2,3,3,2,2,2,2,2,2,3,4,4,4,4,4,3,4,4,4,4,4,4,3,4,4,3,3,4,4,4,4,3,4,4,4,4,4,4,4,4,3,4,3,3,3,3,0,1,0,1,0,3.25,2.13,3.75,3.62
1000338,2,2,2,3,3,4,4,4,3,3,3,3,3,2,3,4,3,4,2,3,3,3,3,2,2,3,2,2,2,2,4,4,3,2,4,4,3,3,3,3,3,4,4,3,3,4,4,3,4,3,3,3,3,3,3,3,2,3,3,3,3,4,3,3,3,3,4,3,2,3,2,1,1,0,1,0,3.08,2.63,3.25,3
1000339,3,4,4,3,4,3,4,4,4,4,4,4,2,3,3,2,4,4,3,3,4,3,4,4,3,4,3,3,2,3,4,4,3,3,4,4,2,4,3,3,3,3,3,4,4,2,4,3,4,3,3,3,4,4,4,3,4,4,3,4,4,3,4,4,4,3,4,3,4,3,4,1,1,0,1,0,3.47,3.31,3.42,3.62
1000343,1,1,1,4,5,4,5,5,5,3,5,5,5,4,5,4,5,5,2,1,2,5,2,1,5,5,4,4,2,4,1,1,1,2,4,5,1,2,2,4,2,5,5,5,5,4,4,2,5,5,5,4,5,5,5,5,5,5,3,3,5,5,2,4,2,3,4,1,5,5,2,0,1,1,0,0,4.08,2.63,4.13,3.38
1000345,3,4,4,3,3,5,4,4,4,4,4,4,4,4,3,4,4,4,4,3,2,4,1,2,4,3,2,3,2,2,2,1,2,2,4,5,3,4,4,4,4,4,4,4,4,3,4,4,4,4,4,4,4,4,4,4,4,4,2,2,4,5,3,3,4,2,3,3,2,4,3,1,1,0,1,0,3.75,2.44,3.96,3.08
1000347,3,3,2,2,4,4,4,4,4,2,3,4,3,1,4,4,4,5,2,2,2,2,1,1,1,1,5,5,4,4,2,2,2,2,5,5,4,4,4,5,4,4,4,4,4,4,4,4,5,4,4,4,4,3,4,4,4,3,3,4,4,4,3,2,3,3,4,4,2,3,3,1,1,1,0,0,3.32,2.38,4.08,3.23
1000348,3,3,3,4,4,4,4,3,4,5,3,3,4,3,3,3,3,3,3,4,4,3,4,4,4,4,3,5,4,3,3,3,5,2,4,5,4,4,5,4,4,5,5,4,5,4,5,4,5,4,4,4,5,4,5,3,4,3,3,3,4,4,4,4,4,4,4,4,3,5,4,1,0,0,1,0,3.35,3.63,4.29,3.85
1000350,3,3,3,3,3,3,4,4,3,3,3,3,4,3,4,4,3,3,4,3,3,4,3,4,3,4,4,4,3,3,3,3,3,4,3,3,4,3,3,3,2,2,3,3,3,3,4,4,4,4,3,3,2,3,3,3,4,3,3,3,2,4,4,3,3,3,3,3,2,4,2,1,1,0,1,0,3.32,3.44,3.13,3
1000351,3,3,2,3,4,4,5,4,3,5,1,5,5,4,4,4,5,5,3,4,3,1,1,1,3,2,1,1,1,1,2,1,1,3,5,5,3,2,3,5,3,2,3,4,4,5,4,4,4,5,4,5,5,5,5,5,5,5,1,2,3,5,3,2,2,2,4,2,3,3,3,0,1,1,0,0,3.83,1.81,4.17,2.69
1000357,2,2,2,2,2,2,2,2,2,2,2,2,2,2,2,2,2,2,2,2,2,2,2,2,2,2,2,2,2,2,2,2,2,2,4,2,3,3,2,4,4,3,2,2,2,2,2,2,2,2,2,2,2,2,2,2,2,2,3,2,2,4,2,2,4,2,4,2,4,4,4,1,0,1,0,0,2,2,2.38,3
1000358,3,3,2,3,4,4,4,4,3,3,2,4,3,3,4,4,4,4,3,4,2,3,1,2,4,2,4,4,3,3,3,4,3,3,5,4,3,4,3,4,3,2,3,3,3,3,4,3,4,4,4,3,3,3,4,3,3,3,3,3,3,3,4,4,3,4,4,3,2,3,4,1,1,0,1,0,3.35,3,3.38,3.31
1000359,4,4,2,3,4,5,4,4,3,4,4,4,4,1,4,4,4,5,4,3,3,3,1,1,3,1,3,2,1,1,3,1,2,1,5,5,5,5,5,5,5,5,5,5,5,5,5,5,5,5,4,5,5,5,4,4,4,4,4,4,4,4,4,4,4,4,4,4,4,5,3,1,1,0,1,0,3.77,2.06,4.79,4
1000361,2,3,1,2,5,5,5,5,4,5,4,5,5,3,4,4,5,5,3,4,3,4,1,4,5,2,1,1,1,1,2,1,1,1,5,5,4,4,4,4,5,5,5,4,4,5,5,5,4,4,4,5,4,5,5,5,4,4,3,4,4,4,3,4,4,4,4,5,2,4,3,1,1,1,0,0,3.88,2.19,4.5,3.69
1000362,4,4,3,3,4,4,4,4,4,3,4,4,3,3,3,4,4,4,3,3,3,4,2,2,3,2,3,2,2,2,2,2,2,2,4,5,5,5,5,5,4,5,4,4,5,4,4,4,4,4,3,4,4,4,4,4,5,4,4,4,4,5,4,5,5,4,4,4,4,3,4,0,1,1,0,0,3.7,2.44,4.29,4.15
1000364,1,3,3,3,2,3,4,4,1,1,1,1,1,1,1,2,1,3,4,4,4,4,1,1,2,1,5,5,5,5,5,2,4,3,5,5,4,3,4,5,2,5,4,5,3,4,4,4,5,4,5,3,2,3,4,4,3,3,3,4,4,4,4,4,5,2,3,2,3,3,3,0,1,0,0,1,1.95,3.44,3.88,3.38
1000365,4,5,5,5,2,5,4,5,5,5,4,5,5,5,5,3,4,5,3,2,1,1,1,1,1,1,1,1,1,1,1,1,1,1,4,3,3,4,3,3,3,3,4,4,3,3,2,3,3,3,3,4,4,4,4,4,4,4,3,3,4,4,4,4,3,3,3,3,4,4,3,1,1,1,0,0,4.35,1.19,3.42,3.46
1000366,2,4,3,4,5,4,4,4,1,2,2,2,4,2,1,4,4,4,4,4,4,4,1,1,2,1,5,3,3,3,4,2,2,1,2,4,4,3,3,4,4,4,3,4,4,4,4,4,4,4,2,4,4,4,5,4,4,4,4,4,4,4,4,4,4,5,4,4,3,4,3,0,0,1,0,0,3.05,2.75,3.75,3.92
1000367,3,5,4,4,4,3,3,4,5,4,4,3,2,3,2,3,2,3,2,3,3,2,2,4,2,1,4,4,4,4,4,3,5,2,4,4,2,3,2,4,3,5,3,5,2,4,5,5,5,5,3,5,4,5,4,5,4,4,4,1,3,4,3,4,2,3,3,4,1,3,2,1,1,1,0,0,3.33,3.06,3.96,2.85
1000368,3,3,2,5,1,4,4,1,5,5,3,5,2,2,2,2,3,1,1,3,4,4,4,2,1,3,5,3,1,3,4,1,5,5,1,2,3,1,2,2,1,2,3,3,2,4,4,2,3,4,4,3,3,1,3,2,1,4,5,3,4,2,1,1,1,2,3,4,2,4,3,1,1,0,1,0,2.85,3.06,2.5,2.69
1000370,4,5,4,5,4,4,5,4,4,5,5,5,5,4,5,4,5,4,4,4,3,4,2,3,4,2,2,2,3,3,2,2,3,2,4,5,5,5,4,5,5,5,5,4,5,5,3,5,5,4,4,5,4,4,5,5,5,5,3,4,3,4,5,4,4,3,4,5,5,3,3,1,1,1,0,0,4.47,2.81,4.63,3.85
1000372,5,4,3,3,4,4,4,5,1,3,2,3,4,4,4,2,3,3,4,3,2,3,1,1,1,1,3,1,3,1,4,1,4,2,5,4,5,4,4,4,5,5,5,5,5,5,5,5,5,4,4,5,5,5,5,5,4,5,3,5,4,5,4,4,4,5,4,3,4,5,4,1,0,0,1,0,3.33,2.19,4.71,4.15
1000373,3,5,5,4,4,4,5,5,4,5,4,5,5,5,4,4,4,4,5,4,4,4,4,5,5,5,4,4,3,3,5,4,5,5,5,4,5,4,5,4,5,4,5,4,5,4,5,4,5,4,5,4,5,4,5,4,5,4,5,5,4,4,4,5,5,4,5,5,5,5,4,1,1,1,0,0,4.3,4.31,4.5,4.62
1000375,3,3,4,3,3,3,3,4,3,4,4,4,1,2,3,3,3,5,2,4,4,4,1,3,4,4,2,2,3,2,3,1,3,1,3,5,2,3,3,4,4,3,3,3,2,3,3,3,3,2,2,4,3,3,4,3,3,3,2,1,3,2,1,2,3,1,3,2,3,3,4,0,1,1,0,0,3.18,2.69,3.08,2.31
1000377,3,3,2,4,4,4,4,4,3,4,4,3,5,4,3,4,5,5,3,1,2,2,1,1,3,1,1,3,4,3,2,2,4,3,4,5,3,4,3,4,3,3,4,4,3,4,5,4,4,3,4,3,5,3,4,3,5,4,2,3,3,3,3,4,4,3,4,4,2,5,4,1,0,0,1,0,3.73,2.25,3.79,3.38
1000378,2,2,1,2,4,4,4,4,2,1,2,3,2,3,2,4,4,4,2,3,4,3,1,1,2,1,4,3,2,3,3,2,2,1,5,4,4,4,4,4,3,5,4,4,4,4,4,4,3,4,4,4,3,4,3,5,4,4,3,1,2,4,2,4,3,3,3,4,3,4,4,1,1,0,1,0,2.8,2.31,3.96,3.08
1000382,1,1,1,1,3,1,1,1,1,1,1,1,3,1,1,1,1,1,3,4,5,1,2,2,1,1,5,5,5,5,5,5,5,2,1,1,1,1,1,3,1,3,4,1,1,1,1,1,1,1,1,1,3,3,3,3,1,1,2,1,1,2,2,1,2,1,3,1,3,3,2,1,0,0,1,0,1.4,3.5,1.63,1.85
1000383,3,3,3,4,3,3,3,3,4,3,3,3,3,3,3,3,3,3,3,3,2,3,3,2,3,3,3,3,3,4,3,2,2,3,3,3,3,4,3,3,3,3,3,4,3,3,3,3,3,3,3,3,3,4,3,3,3,4,3,3,3,3,3,3,4,3,3,3,3,3,4,1,1,1,0,0,3.1,2.81,3.17,3.15
1000385,4,3,3,4,4,3,3,3,4,4,4,5,3,5,3,4,4,4,3,5,3,5,2,4,3,3,3,5,4,3,4,3,4,3,3,2,3,4,3,5,4,3,4,5,3,2,4,3,2,4,5,4,3,2,3,3,2,4,4,4,3,3,5,3,4,4,2,3,2,4,4,1,1,1,0,0,3.7,3.56,3.33,3.46
1000386,4,4,4,4,5,4,4,4,5,4,5,4,4,2,4,2,4,5,4,2,1,4,1,1,2,2,3,3,2,1,2,1,2,4,3,5,4,4,2,4,5,4,4,4,4,4,5,4,3,5,2,5,5,4,5,5,5,5,3,4,3,4,2,4,4,4,4,4,4,3,3,1,0,0,1,0,3.83,2.19,4.17,3.54
1000388,4,2,4,4,3,4,3,3,4,4,3,2,3,4,2,3,3,2,5,3,2,2,4,3,2,2,5,4,1,2,4,3,2,4,3,3,4,3,4,3,4,4,2,2,4,4,2,2,3,3,3,4,2,1,3,2,2,3,4,3,4,2,4,2,4,4,3,4,2,3,2,0,1,1,0,0,3.18,3,2.92,3.15
1000392,4,3,2,4,4,4,5,4,4,2,4,4,3,3,3,4,4,4,4,4,3,4,2,2,2,3,3,4,4,3,3,2,2,3,5,3,4,4,4,4,4,4,4,5,5,5,4,4,5,5,5,5,4,4,4,4,5,4,4,5,4,5,4,4,4,4,4,4,3,3,4,1,1,1,0,0,3.6,3,4.33,4
1000396,3,3,2,3,3,2,2,4,3,3,3,3,3,3,3,2,3,4,2,3,3,3,3,2,2,3,3,2,2,3,3,2,3,2,3,4,4,4,3,4,4,4,3,4,4,4,3,4,3,4,4,3,3,4,3,4,3,4,4,4,4,4,4,4,3,4,4,4,4,4,4,0,1,1,0,0,2.85,2.56,3.63,3.92
1000397,3,5,5,5,3,4,3,3,1,4,4,5,5,1,5,4,3,4,5,4,3,1,1,2,4,2,4,3,3,2,2,2,1,1,5,4,3,4,4,5,3,5,4,4,5,5,3,4,4,3,3,4,4,5,5,5,4,4,3,3,4,5,4,5,5,4,4,4,4,5,4,0,1,1,0,0,3.78,2.5,4.13,4.15
1000398,4,4,2,2,3,3,3,2,3,4,3,4,3,3,2,3,4,3,2,4,3,3,3,3,2,4,2,2,3,3,2,2,3,4,2,4,3,4,3,2,3,3,4,3,2,3,3,4,3,4,3,2,3,2,2,3,4,3,3,3,4,3,4,2,2,3,2,3,3,3,3,1,1,1,0,0,3.02,2.81,3,2.92
1000402,1,2,2,2,4,4,4,4,2,2,2,2,2,3,4,3,4,4,1,4,3,4,1,2,4,2,3,3,2,2,4,4,4,2,4,4,4,4,4,4,3,5,5,5,4,4,4,4,4,4,4,4,4,2,4,4,4,4,4,4,4,4,4,4,4,3,4,2,3,3,3,1,0,0,1,0,2.78,2.81,4,3.54
1000404,3,2,4,3,4,4,4,4,3,3,4,4,4,3,4,4,4,5,2,4,4,4,1,1,1,1,2,1,1,1,4,1,3,2,4,5,3,3,4,5,4,5,5,4,5,4,4,4,3,4,4,4,4,4,3,4,4,4,3,4,4,5,4,5,4,3,4,3,4,4,4,1,0,1,0,0,3.57,2.06,4.04,3.92
1000405,3,4,4,3,4,4,4,4,3,3,4,3,3,1,4,4,5,4,2,4,1,4,1,1,1,1,4,1,1,1,3,1,3,1,5,4,5,5,5,5,4,5,5,5,5,4,3,4,4,4,5,4,4,3,4,4,4,4,3,4,4,4,4,5,5,3,4,4,4,4,4,0,1,1,0,0,3.52,1.88,4.33,4
1000406,4,4,3,4,4,4,3,4,4,4,4,4,4,3,4,4,4,3,4,2,2,3,3,2,3,3,2,3,2,3,2,2,2,3,4,4,4,4,3,4,4,4,4,4,3,4,4,4,4,4,4,4,4,3,3,4,4,4,4,4,4,4,4,4,4,3,4,4,4,4,4,1,1,1,0,0,3.78,2.56,3.83,3.92
1000409,4,4,3,4,3,3,3,3,4,2,4,3,2,4,4,4,3,4,3,4,4,3,2,2,4,4,4,4,4,3,3,3,3,2,3,3,3,3,4,3,2,4,3,4,4,3,4,4,3,4,4,3,4,3,3,4,3,4,4,4,3,3,4,3,4,4,4,4,4,3,4,1,1,1,0,0,3.38,3.25,3.42,3.69
1000410,5,4,3,4,5,5,4,4,4,4,4,4,3,4,5,4,5,5,2,1,2,3,1,1,1,1,3,3,3,3,1,2,1,1,5,5,4,4,5,5,5,5,5,4,5,4,5,5,4,4,5,4,3,4,3,4,4,3,2,3,5,5,4,3,4,4,4,4,4,5,5,1,1,1,0,0,4.23,1.81,4.33,4
1000412,2,3,2,3,2,3,3,3,3,2,2,3,4,3,3,2,2,3,3,3,3,4,3,3,4,4,3,3,3,3,4,4,3,4,4,4,2,3,3,3,2,3,4,3,2,3,3,3,3,4,3,3,3,3,4,3,3,3,4,3,3,4,3,3,4,3,3,2,3,2,4,1,0,0,1,0,2.67,3.38,3.08,3.15
1000415,2,3,3,3,5,3,4,4,3,3,3,4,3,3,4,3,4,5,3,3,3,3,1,2,2,3,3,3,4,3,3,2,3,3,5,4,4,4,4,3,3,3,3,3,4,4,4,4,4,4,3,4,4,3,4,3,3,4,3,3,3,3,3,4,3,2,4,2,3,3,3,1,1,0,1,0,3.45,2.75,3.67,3
1000417,4,4,4,4,5,4,5,4,4,4,5,5,5,4,4,5,4,5,4,4,3,4,4,4,4,3,1,1,2,1,2,2,2,2,4,4,4,4,4,5,5,5,5,5,5,4,4,5,4,4,4,3,3,3,3,4,3,3,3,4,4,4,4,4,4,3,4,3,5,4,4,1,1,1,0,0,4.38,2.69,4.04,3.85
1000424,4,4,3,3,3,3,4,3,4,2,4,4,3,3,4,3,4,2,3,3,4,2,2,3,3,3,3,3,3,4,2,3,3,3,4,4,3,3,4,4,4,4,4,4,4,4,4,4,4,4,3,4,4,4,4,4,4,4,4,3,3,4,3,3,4,4,4,3,4,3,3,1,1,0,1,0,3.3,2.94,3.88,3.46
1000425,4,4,4,4,2,4,4,5,4,4,2,4,5,3,5,4,4,5,3,4,3,3,1,1,1,1,5,4,3,4,3,1,2,3,5,5,5,5,5,5,5,4,5,4,5,5,4,5,5,5,5,4,5,5,5,5,4,4,3,5,5,5,5,5,5,4,5,5,3,5,4,1,1,0,1,0,3.87,2.63,4.75,4.54
1000426,3,4,2,3,4,3,2,4,3,3,3,3,4,3,3,4,3,3,2,4,3,3,3,2,3,2,3,3,3,4,3,4,2,4,3,4,3,4,4,3,4,4,5,5,5,5,5,4,5,4,5,4,5,4,3,4,4,4,3,3,3,3,4,3,3,4,2,4,3,3,3,1,0,1,0,0,3.17,3,4.17,3.15
1000427,3,4,3,3,5,3,4,4,2,3,4,3,3,2,3,3,5,5,5,4,4,5,1,3,2,2,1,1,1,1,5,1,5,4,5,5,1,3,2,4,2,3,3,3,4,3,4,2,4,4,5,4,3,3,4,2,3,3,3,1,5,5,2,4,2,2,3,1,4,4,4,0,1,0,1,0,3.37,2.81,3.29,3.08
1000429,1,2,2,3,4,4,2,4,2,3,3,3,3,3,2,3,4,3,4,4,5,4,1,2,4,2,4,4,3,3,4,3,4,2,4,5,4,4,4,4,3,3,3,3,4,4,4,4,3,4,4,3,4,5,4,3,2,4,3,4,4,5,2,4,4,2,4,3,4,2,4,0,1,1,0,0,2.82,3.31,3.71,3.46
1000430,5,5,5,5,5,5,5,5,5,5,5,5,2,5,5,5,5,5,5,5,1,4,1,1,1,1,5,1,5,5,5,1,4,1,5,5,5,5,5,5,5,5,5,5,5,5,5,5,5,5,5,1,5,5,5,5,5,5,5,5,5,5,5,5,5,4,1,3,5,5,5,1,0,0,0,1,4.85,2.88,4.83,4.46
1000431,4,3,4,3,3,3,4,3,3,4,3,3,4,4,4,4,4,3,4,3,4,4,3,4,4,4,4,4,3,4,4,4,3,3,3,4,3,3,4,4,3,4,4,3,4,3,4,4,3,4,4,3,3,4,4,4,4,3,3,4,4,3,4,4,4,3,4,4,4,4,3,0,1,0,1,0,3.53,3.69,3.58,3.69
1000432,3,4,4,4,4,4,4,4,3,3,4,3,2,4,3,3,4,4,3,3,3,3,1,2,3,2,3,2,2,2,2,2,2,3,4,4,4,4,4,4,4,4,4,4,4,4,4,4,4,4,3,4,4,4,4,4,4,4,4,3,4,4,4,4,4,4,4,4,4,4,4,0,1,1,0,0,3.48,2.38,3.96,3.92
1000433,4,4,4,5,1,4,3,5,4,5,4,3,4,3,4,4,5,4,4,4,4,4,5,4,5,3,3,4,4,5,4,5,4,4,4,5,4,5,5,4,4,5,4,4,4,5,4,5,5,5,5,5,4,5,5,5,5,5,4,4,4,5,5,3,4,4,4,4,5,4,3,0,1,0,1,0,3.82,4.13,4.63,4.08
1000435,4,4,3,3,4,4,3,4,4,4,4,3,4,4,4,4,3,4,3,3,3,3,2,4,4,3,4,3,3,3,3,3,4,3,3,3,4,3,3,3,3,3,3,3,4,3,3,3,3,4,3,3,3,3,4,3,4,4,3,4,3,3,3,4,3,3,4,4,3,4,3,0,1,0,1,0,3.63,3.19,3.25,3.38
1000436,3,3,2,2,5,5,5,5,4,3,4,4,3,3,3,5,5,5,4,5,4,3,2,3,4,3,2,2,3,2,3,3,3,3,5,5,5,5,5,5,5,5,5,5,5,5,5,5,5,5,4,4,4,4,4,4,4,4,4,4,4,4,4,4,4,3,4,4,4,4,4,0,0,0,1,0,3.9,3.06,4.67,3.92
1000438,4,4,4,4,4,5,4,4,4,4,4,4,4,4,3,4,4,4,3,2,2,3,2,1,2,2,3,3,2,2,1,1,1,1,4,4,4,4,4,5,4,4,4,4,4,4,5,4,4,4,4,4,4,4,4,4,4,4,3,4,4,4,4,4,4,3,4,4,4,4,4,0,1,0,0,1,3.9,1.94,4.08,3.85
1000439,2,4,4,4,5,4,4,2,2,4,4,3,4,2,4,4,4,4,4,4,3,2,1,1,2,1,4,4,3,4,2,2,4,2,5,4,3,3,3,4,4,5,5,4,5,3,3,3,2,2,3,4,3,3,4,4,2,3,4,2,4,5,3,4,4,2,4,3,4,4,4,0,1,0,1,0,3.55,2.69,3.5,3.62
1000442,3,3,4,4,4,4,5,4,3,3,4,4,4,4,5,4,5,4,4,4,2,3,1,1,1,3,4,3,3,3,3,2,2,4,5,4,4,3,4,3,4,4,4,4,4,4,3,3,3,4,3,4,4,4,4,4,3,4,3,3,3,4,4,3,4,4,4,4,4,4,4,0,0,1,0,0,3.87,2.69,3.75,3.69
1000443,2,3,2,2,4,4,3,3,3,3,3,2,2,2,3,3,3,4,4,4,3,2,3,3,2,3,2,2,2,2,3,2,2,2,4,4,4,4,4,4,4,4,4,4,4,4,3,4,4,3,4,3,4,4,4,4,3,4,3,3,4,4,4,4,4,3,4,4,4,4,4,0,1,1,0,0,2.87,2.56,3.83,3.77
1000444,4,4,4,4,4,3,4,4,4,3,4,4,3,4,4,3,3,4,1,1,1,1,1,1,1,1,1,1,3,2,1,1,1,3,4,4,4,4,4,3,4,4,4,4,4,3,2,3,4,3,3,4,3,3,3,3,3,3,2,2,2,3,2,2,2,2,3,3,3,3,3,1,1,0,1,0,3.67,1.31,3.46,2.46
1000446,3,3,2,3,5,4,5,5,3,3,3,3,4,4,4,4,4,4,4,4,4,4,4,4,5,4,2,2,2,2,3,3,3,2,5,5,4,4,4,5,3,4,4,5,4,4,4,4,5,5,4,4,5,4,4,4,4,5,3,4,4,5,5,4,5,4,4,4,3,5,4,1,1,1,0,0,3.7,3.25,4.29,4.15
1000447,4,4,3,3,4,4,4,2,4,4,4,3,3,2,2,3,4,4,2,2,2,1,1,1,1,1,4,3,2,3,2,2,2,2,4,4,3,3,2,3,3,4,4,4,3,3,4,4,4,4,4,3,4,4,4,4,4,4,2,4,4,4,3,4,4,2,3,3,2,4,3,0,1,1,0,0,3.38,1.94,3.63,3.23
1000448,2,3,4,3,4,4,3,3,3,4,4,3,3,3,3,3,3,3,3,4,3,3,1,2,3,2,4,3,2,3,2,2,2,2,4,3,3,3,3,4,4,3,3,3,4,3,3,4,4,3,3,4,4,3,3,3,4,3,3,3,4,4,4,3,3,3,3,3,4,2,3,0,1,0,1,0,3.2,2.56,3.38,3.23
1000449,4,5,5,5,5,5,5,5,4,4,4,5,3,4,3,1,3,4,3,1,4,5,1,1,3,3,2,2,2,1,1,2,1,2,5,5,5,4,5,5,5,5,5,5,5,5,4,4,3,5,4,3,4,3,5,5,4,5,4,4,3,5,5,5,4,4,4,5,4,5,4,0,1,1,0,0,4.03,2.13,4.5,4.31
1000451,5,4,4,3,4,5,5,5,4,5,4,4,3,4,3,3,3,5,2,4,3,2,1,3,2,2,2,2,4,4,3,2,2,3,5,4,4,4,3,4,4,3,3,4,4,4,4,5,5,4,4,3,4,4,4,4,3,3,4,4,4,4,4,4,4,3,3,4,4,2,3,0,1,0,1,0,3.93,2.56,3.88,3.62
1000453,2,5,4,4,4,4,3,2,2,2,3,2,1,1,1,2,3,4,3,4,5,3,1,1,1,1,3,1,1,3,4,4,4,2,4,5,2,4,3,4,4,5,5,3,4,3,4,5,5,4,3,4,3,4,4,5,3,4,3,2,5,3,2,4,4,3,4,5,2,4,3,0,1,1,0,0,2.65,2.56,3.92,3.38
1000454,4,4,4,4,4,4,4,4,4,3,4,4,4,4,4,2,4,5,4,3,2,4,3,3,4,2,2,4,2,2,1,2,2,2,5,3,5,4,5,5,4,5,5,3,4,5,4,5,5,4,5,4,4,4,3,4,4,4,3,5,5,5,5,5,4,3,5,5,4,2,3,1,1,1,0,0,3.88,2.63,4.29,4.15
1000455,5,3,4,4,5,4,5,4,3,4,5,3,4,4,4,4,4,4,2,2,3,3,2,2,5,2,4,4,4,4,3,2,4,3,3,5,2,2,3,2,3,2,4,4,2,3,2,2,5,4,4,5,4,4,4,3,4,3,2,2,2,4,1,2,3,2,3,2,1,4,4,0,1,1,0,0,4.05,3.06,3.29,2.46
1000456,4,2,2,3,4,4,4,5,1,4,4,5,5,2,4,4,4,5,2,3,4,4,2,1,1,1,4,5,3,3,4,3,4,2,5,5,4,5,5,5,2,5,4,4,3,4,4,5,5,5,4,2,3,4,2,4,1,4,3,4,4,5,2,5,4,3,4,4,2,1,3,0,1,1,0,0,3.67,2.88,3.92,3.38
1000457,5,4,4,4,4,4,4,4,4,4,4,4,4,4,4,4,4,4,4,4,4,3,3,3,3,2,2,2,3,2,4,4,4,3,4,4,4,4,3,4,3,4,4,3,3,3,3,4,4,3,3,4,3,3,4,3,3,3,2,3,3,3,4,2,4,2,4,3,2,3,4,0,0,0,0,1,3.95,3.13,3.46,3
1000458,3,3,3,3,4,4,3,4,3,4,3,3,4,3,3,3,3,4,3,3,3,3,3,3,3,3,3,3,3,3,3,3,3,3,4,4,3,3,3,3,3,4,4,4,3,3,3,3,4,3,4,3,3,3,3,4,3,3,4,3,4,4,3,3,3,4,4,3,3,3,3,1,1,1,0,0,3.27,3,3.33,3.38
1000460,2,3,1,2,3,3,2,3,3,3,1,2,4,2,3,3,2,3,3,3,4,4,5,4,3,2,5,5,5,5,5,5,5,3,4,4,3,3,3,3,2,3,2,3,3,3,3,3,4,4,3,3,3,3,3,3,3,3,3,3,3,4,4,3,3,3,3,3,2,2,2,0,0,0,1,0,2.48,4.13,3.08,2.92
1000461,5,4,4,4,4,4,4,4,3,4,4,2,4,4,4,4,5,4,4,4,3,4,2,2,2,2,2,2,4,5,2,2,4,4,4,5,5,5,4,5,3,4,4,4,4,3,4,4,5,5,4,4,3,4,5,5,5,4,3,4,4,4,4,4,4,2,5,5,3,3,3,0,1,0,1,0,3.87,3,4.25,3.69
1000463,3,3,3,3,4,4,4,4,3,3,4,3,2,3,4,4,4,5,4,4,4,4,4,3,4,4,3,3,3,2,4,3,4,3,3,4,4,4,4,3,3,4,4,4,3,3,3,4,4,4,4,3,3,4,3,3,4,3,3,4,4,3,2,4,3,3,4,3,3,3,4,0,1,1,0,0,3.57,3.5,3.54,3.31
1000465,3,4,4,3,5,4,4,4,2,3,3,3,2,2,4,5,4,5,3,4,2,2,1,1,1,1,5,5,4,4,3,2,3,2,4,4,3,4,3,4,4,4,4,3,4,4,4,3,4,4,4,4,4,4,4,4,4,4,3,3,3,3,4,2,3,4,4,5,2,2,3,0,1,0,1,0,3.48,2.69,3.83,3.15
1000466,4,4,4,3,3,4,5,4,5,5,3,4,4,4,3,4,4,4,4,5,4,3,5,4,4,3,4,4,3,4,5,5,4,4,2,2,1,2,2,2,1,3,2,1,1,2,2,1,2,3,2,2,2,2,2,2,1,2,1,1,2,2,3,1,2,2,3,1,1,2,2,0,1,1,0,0,3.95,4.06,1.83,1.77
1000467,4,4,3,4,4,3,4,4,4,4,3,3,3,3,3,3,4,3,3,3,3,3,3,3,3,3,3,3,2,3,2,3,2,2,3,3,3,3,4,3,3,3,3,3,4,3,3,4,3,3,3,3,3,3,3,4,3,3,3,3,3,3,3,3,3,3,4,3,2,3,3,0,1,0,1,0,3.47,2.75,3.17,3
1000468,2,3,3,4,5,5,5,4,2,4,2,3,1,2,3,4,4,4,3,2,1,1,2,1,1,1,2,3,1,1,2,1,1,1,4,5,4,4,4,4,4,5,4,3,4,4,3,3,4,4,4,4,4,4,4,4,4,4,3,4,4,4,4,4,5,2,4,3,3,4,4,0,1,0,1,0,3.35,1.5,3.96,3.69
1000469,2,2,3,3,4,3,3,3,3,2,3,3,4,3,3,4,3,4,3,3,3,2,3,3,3,3,2,2,2,2,3,2,3,2,2,3,2,2,2,3,2,3,3,3,2,2,3,3,3,3,3,2,2,2,2,3,2,2,2,2,2,3,2,3,2,3,2,2,3,4,3,0,1,1,0,0,3.08,2.56,2.46,2.54
1000470,3,3,3,4,3,5,5,4,4,4,5,5,3,5,4,5,5,5,1,3,3,1,1,1,3,1,1,1,1,1,2,1,1,1,5,5,5,5,5,5,4,5,5,5,5,5,5,5,4,4,5,5,5,5,5,5,5,5,3,4,4,5,3,4,4,4,5,4,5,3,5,0,1,1,0,0,4.15,1.44,4.88,4.08
1000473,3,4,4,4,3,4,4,4,3,4,2,3,4,3,4,3,4,4,4,4,4,3,3,2,3,2,3,2,2,3,4,2,3,2,4,4,4,3,3,4,3,4,4,3,4,4,4,4,4,3,3,2,4,4,4,4,4,4,3,2,4,4,3,3,3,3,4,2,4,3,3,0,1,0,0,1,3.48,2.88,3.67,3.15
1000474,2,3,4,4,5,5,5,4,4,4,2,4,5,4,3,3,4,4,5,4,4,3,1,4,5,2,4,4,3,2,4,1,4,2,5,5,4,4,4,4,4,5,5,4,4,5,2,4,5,4,2,4,4,3,5,4,4,4,2,4,4,4,4,4,4,2,2,2,4,4,5,0,0,1,0,0,3.83,3.25,4.08,3.46
1000475,2,2,2,2,4,4,4,4,4,3,4,3,4,3,4,4,4,4,2,2,2,2,1,1,2,1,4,4,3,4,2,2,3,2,4,4,4,4,3,4,3,4,4,4,4,4,4,4,4,4,3,4,4,5,4,4,4,4,2,3,4,4,2,4,4,2,4,3,4,4,4,0,1,1,0,0,3.35,2.31,3.92,3.38
1000478,5,4,5,4,5,4,4,4,2,4,5,5,5,4,4,5,4,4,5,5,2,4,5,4,2,2,2,2,5,2,2,5,2,4,4,4,3,4,4,3,3,4,4,4,4,4,3,3,3,5,4,4,4,3,4,4,3,5,5,3,4,4,4,4,4,4,4,3,4,4,4,0,1,1,0,0,4.27,3.31,3.75,3.92
1000479,4,3,4,3,3,4,4,5,4,4,5,5,4,5,4,4,5,4,1,2,1,1,1,1,1,2,1,1,1,1,1,1,1,4,5,5,4,5,5,5,4,4,4,4,5,5,4,5,5,5,5,5,4,3,5,5,4,4,5,5,5,5,5,4,5,4,5,5,5,5,5,0,1,0,0,1,4.07,1.31,4.54,4.85
1000480,4,4,5,4,5,5,5,5,5,4,3,4,1,3,1,4,4,4,2,1,1,2,1,4,5,1,4,2,2,1,1,1,1,1,5,4,4,4,3,5,5,5,5,4,5,4,4,4,4,4,2,4,4,4,3,4,5,4,3,3,4,4,4,5,5,4,5,3,5,4,5,0,1,1,0,0,3.75,1.88,4.13,4.15
1000481,3,2,2,3,4,2,3,4,2,1,1,2,1,1,3,4,4,4,3,3,3,3,2,2,2,2,3,2,2,2,3,4,4,5,4,4,4,4,3,4,2,3,3,2,2,3,3,3,4,5,3,3,3,3,3,2,3,3,2,2,3,3,2,3,3,2,2,4,2,4,2,0,1,1,0,0,2.6,2.81,3.17,2.62
1000482,4,4,4,4,4,4,4,3,3,4,4,4,5,4,4,4,4,4,3,4,4,4,2,3,4,4,2,4,3,4,3,3,3,2,4,4,2,2,2,2,3,4,4,4,5,4,4,4,4,4,4,4,4,4,5,4,4,4,2,2,2,4,2,4,2,2,3,2,2,2,2,0,0,1,0,0,3.9,3.25,3.71,2.38
1000483,5,4,3,3,4,5,4,4,4,5,3,3,4,3,4,4,4,3,3,3,3,3,3,2,3,3,4,3,3,3,3,2,4,3,4,4,3,3,3,4,3,4,4,4,4,4,3,4,4,4,4,4,4,4,4,4,3,3,3,3,3,4,4,4,2,4,4,3,3,4,3,0,0,0,1,0,3.88,3,3.71,3.38
1000484,2,3,1,2,5,5,5,5,4,4,5,3,4,5,2,4,5,5,4,3,3,1,3,2,3,1,1,1,2,1,2,1,2,1,4,4,5,4,4,5,4,4,4,4,5,5,4,3,5,4,5,4,4,4,4,4,4,4,3,3,4,4,3,4,4,5,4,5,2,3,4,1,1,1,0,0,3.88,1.94,4.21,3.69
1000485,4,4,4,4,5,4,4,4,4,4,4,4,4,3,4,4,4,4,2,4,2,4,1,2,2,1,4,4,4,4,2,1,2,1,4,5,3,4,4,4,4,4,4,4,4,4,4,4,4,4,4,4,4,4,4,4,4,4,4,4,4,4,4,4,3,4,4,5,2,3,3,0,0,0,1,0,3.85,2.5,4,3.69
1000488,3,3,3,4,3,4,4,4,2,2,2,4,3,2,4,4,4,4,2,3,3,3,1,2,1,1,2,2,2,2,3,1,2,3,4,4,3,3,3,4,4,4,4,4,4,4,4,3,4,4,4,3,3,4,4,3,3,3,2,2,4,4,4,4,3,2,4,3,4,4,3,0,0,1,0,0,3.25,2.06,3.63,3.31
1000489,4,4,3,2,5,4,4,4,4,5,4,4,5,2,4,5,5,5,4,4,2,4,1,2,4,1,2,2,2,2,2,2,2,4,4,5,4,4,4,5,4,3,4,4,4,4,3,4,5,4,4,5,3,4,5,4,4,4,3,4,4,4,4,5,5,4,4,4,5,5,4,0,1,0,0,1,4,2.5,4.08,4.23
1000490,1,3,3,3,4,4,3,4,3,3,4,3,4,3,3,3,2,4,3,2,2,3,1,2,3,2,2,2,3,2,2,2,1,2,4,3,3,3,4,5,3,4,4,3,4,4,4,3,3,3,3,2,3,3,4,3,4,3,3,2,4,4,3,3,2,2,4,3,3,3,3,0,1,0,1,0,3.1,2.13,3.42,3
1000491,3,4,3,3,4,4,4,4,4,4,4,4,4,3,4,4,4,4,4,4,3,3,4,4,4,4,2,2,2,2,3,4,3,3,4,4,4,4,4,4,4,5,4,4,3,3,3,4,4,4,4,3,3,4,3,4,3,4,4,5,5,4,5,4,5,3,5,3,3,3,3,1,1,1,0,0,3.8,3.19,3.75,4
1000492,3,3,3,3,4,4,2,4,2,4,3,4,4,3,3,3,3,3,3,3,3,3,2,4,3,3,2,4,3,3,2,4,2,3,3,2,2,2,3,2,3,3,4,3,4,3,3,3,4,4,4,2,4,4,4,3,3,4,3,4,2,3,2,4,3,3,4,3,3,2,3,0,1,1,0,0,3.25,2.94,3.17,3
1000493,4,4,4,4,4,4,2,4,4,2,3,3,4,3,3,3,3,3,2,3,2,2,2,3,3,3,4,4,3,4,3,2,4,4,4,4,4,3,4,4,3,4,4,4,4,4,4,3,4,4,4,4,3,3,4,4,4,4,3,3,4,3,4,2,4,4,4,3,3,3,4,1,1,1,0,0,3.4,3,3.79,3.38
1000494,2,3,2,3,4,3,3,4,3,3,1,3,4,2,4,5,4,5,4,4,4,3,1,2,2,2,2,2,2,2,4,1,4,1,4,4,4,4,3,5,4,4,4,4,4,4,4,3,5,4,4,4,4,4,4,4,4,4,3,3,3,4,4,4,3,3,3,2,4,4,4,1,1,1,0,0,3.18,2.5,4,3.38
1000495,3,2,3,3,3,3,3,3,3,3,3,3,3,3,3,3,3,3,3,3,3,3,1,3,3,3,3,3,3,3,3,3,3,3,3,3,3,3,3,3,3,3,3,3,3,3,3,3,3,3,3,3,3,3,3,3,3,3,3,3,3,3,3,3,3,2,3,3,3,3,3,1,0,1,0,0,2.95,2.88,3,2.92
1000496,4,5,5,4,3,5,5,5,5,4,5,5,5,2,4,3,3,5,3,3,1,3,1,1,1,1,2,2,1,2,2,1,1,2,5,5,5,5,5,5,5,5,5,5,5,5,5,5,4,4,4,4,4,5,5,4,5,5,4,4,4,4,4,4,5,4,5,5,4,4,4,1,1,1,0,0,4.13,1.69,4.75,4.23
1000497,2,4,2,3,5,5,5,4,2,3,4,4,4,4,5,4,5,5,3,2,2,1,1,1,4,1,1,1,1,1,3,1,3,2,4,5,4,5,5,5,5,5,4,4,3,4,5,5,5,5,4,4,4,5,4,4,4,4,4,5,4,5,5,4,5,3,5,4,1,4,4,0,0,0,1,0,3.83,1.75,4.42,4.08
1000498,4,3,3,3,3,4,4,4,2,2,3,4,4,3,4,4,4,5,2,2,2,2,1,1,2,1,2,3,3,3,1,1,1,1,4,5,4,4,4,4,5,4,4,4,4,4,4,4,4,4,3,4,4,4,4,4,4,4,4,3,4,5,2,4,4,3,4,3,4,4,4,0,0,0,1,0,3.47,1.75,4.04,3.69
1000499,2,3,2,3,4,4,4,5,5,5,5,5,4,4,5,5,5,5,4,5,4,4,2,2,4,2,3,3,3,2,4,2,3,2,3,5,2,4,4,5,3,4,4,4,3,4,4,5,5,5,5,5,5,5,5,5,4,5,2,2,4,4,2,4,5,4,5,4,3,4,4,0,1,1,0,0,4.2,3.06,4.29,3.62
1000500,4,5,5,5,4,5,5,5,5,5,5,5,4,5,5,5,5,5,4,5,5,5,2,4,4,3,2,2,2,1,4,2,3,4,5,4,4,5,5,5,5,4,5,5,5,5,5,5,5,5,4,5,5,5,4,4,5,5,3,5,4,5,4,5,5,3,5,5,3,5,5,0,1,1,0,0,4.75,3.25,4.75,4.38
1000501,3,3,4,3,1,4,4,3,3,2,4,3,4,3,4,3,3,4,4,3,2,1,1,2,1,1,2,3,3,2,3,1,3,1,4,4,4,4,4,4,4,4,4,5,4,4,3,4,4,4,4,4,4,4,4,4,4,4,4,4,4,4,4,4,4,3,4,4,4,4,4,0,1,0,1,0,3.17,2.06,4,3.92
1000502,2,2,2,1,4,2,4,4,4,4,4,3,2,4,2,4,4,4,2,2,4,2,4,4,4,5,2,2,2,2,2,2,4,4,4,2,3,4,4,4,3,3,4,4,3,4,2,4,4,4,4,4,2,3,2,3,2,2,2,4,2,2,4,4,4,2,4,2,2,4,2,0,0,1,0,0,3.2,2.94,3.25,2.92
1000505,3,2,2,2,5,5,5,4,4,4,4,4,4,4,4,4,5,5,2,3,3,2,3,3,4,2,2,2,2,2,2,3,2,1,3,5,3,3,4,3,3,4,5,4,4,5,3,3,5,5,4,2,3,3,3,3,4,4,3,4,4,4,2,4,2,2,5,2,2,3,3,0,1,0,1,0,3.93,2.38,3.67,3.08
1000507,4,4,4,4,3,4,3,4,4,4,3,3,3,3,3,3,3,3,4,3,3,3,3,3,3,2,4,3,3,3,3,4,3,3,3,3,4,3,3,3,3,3,3,3,4,4,4,3,3,4,4,3,3,4,4,3,3,3,4,4,4,4,4,3,4,3,3,4,4,3,3,1,1,1,0,0,3.4,3.13,3.33,3.62
1000508,2,3,4,2,4,5,5,5,3,4,3,2,3,2,4,5,4,5,4,4,4,4,4,4,5,4,4,3,3,3,5,5,4,5,4,5,4,4,5,5,3,5,5,2,3,4,5,4,5,5,5,4,5,4,4,3,4,4,2,2,3,4,3,4,3,2,4,5,2,2,4,0,1,0,1,0,3.63,4.06,4.21,3.08
1000509,4,2,3,4,5,5,5,3,3,2,5,4,2,3,4,5,4,4,3,4,1,3,1,1,2,4,1,2,5,4,1,2,1,4,3,4,4,3,5,4,4,3,4,4,5,5,4,4,5,4,4,5,4,4,4,3,4,4,3,5,4,5,4,4,4,4,4,4,3,4,4,0,1,1,0,0,3.67,2.44,4.04,4
1000510,3,3,3,3,3,3,3,4,3,4,3,3,5,4,3,5,4,5,3,4,3,4,1,3,4,3,3,2,3,3,4,2,3,4,4,4,3,3,3,5,3,4,4,3,2,3,4,3,3,3,2,3,3,3,4,4,3,3,2,3,3,3,2,3,3,1,4,3,2,4,3,1,1,0,1,0,3.58,3.06,3.29,2.77
1000511,3,3,3,2,3,3,3,3,3,3,2,2,2,3,2,2,4,4,2,1,1,1,1,1,1,1,2,1,1,1,1,2,1,1,4,5,3,4,4,4,5,4,4,3,4,3,3,2,2,3,2,4,3,3,4,3,4,4,2,2,3,3,4,2,4,2,3,4,4,4,4,0,1,0,0,1,2.77,1.19,3.5,3.15
1000512,3,3,2,3,3,3,2,2,4,2,3,3,3,2,4,3,3,4,3,3,3,3,1,2,1,2,3,3,2,3,3,2,2,3,2,3,3,3,2,3,3,2,4,3,2,3,3,3,2,3,3,3,3,2,3,3,3,3,3,2,3,3,2,3,3,2,2,2,5,4,3,1,0,0,1,0,2.92,2.44,2.79,2.85
1000513,3,3,3,3,2,3,4,4,4,4,3,4,3,2,4,3,4,4,3,3,3,3,1,2,4,3,3,3,3,4,3,3,3,3,4,5,3,3,3,4,2,4,3,3,3,3,3,3,3,4,3,3,3,3,4,4,4,4,3,4,4,4,3,4,4,2,4,3,4,4,4,0,0,0,1,0,3.23,2.94,3.38,3.62
1000514,4,4,4,4,4,5,4,5,2,4,4,4,4,2,4,4,3,5,4,5,4,5,2,4,2,4,3,3,2,4,5,2,5,5,5,5,4,4,4,4,4,5,5,5,4,4,4,4,3,5,5,4,5,3,5,5,5,5,2,4,4,5,4,5,4,2,4,4,2,2,5,0,1,1,0,0,3.95,3.69,4.42,3.62
1000515,4,4,4,4,4,4,4,4,2,2,3,4,1,2,3,3,4,4,2,4,4,3,2,1,1,1,4,4,1,4,4,2,3,4,4,4,5,5,4,5,5,5,5,5,5,5,4,5,5,5,5,5,5,4,5,5,4,4,4,4,4,4,4,4,4,3,4,4,4,4,4,0,1,1,0,0,3.23,2.75,4.71,3.92
1000516,4,4,4,4,5,5,4,4,3,2,4,4,4,3,5,4,4,5,3,4,5,4,2,2,2,2,3,2,2,2,4,3,4,2,5,4,4,5,4,5,3,3,3,3,1,3,5,5,4,4,2,4,3,3,3,4,3,3,4,4,4,5,2,4,3,5,5,4,1,1,4,1,0,1,0,0,3.97,2.88,3.58,3.54
1000519,5,4,2,3,4,4,4,4,4,5,5,4,4,2,4,2,4,4,3,4,2,4,2,4,5,1,4,4,3,3,3,3,2,3,5,5,4,5,4,4,4,4,4,4,4,4,4,5,3,4,3,4,4,4,3,4,4,4,3,4,4,4,4,4,4,4,4,3,2,2,2,0,1,0,1,0,3.72,3.13,4.04,3.38
1000520,2,3,2,2,4,3,4,3,3,4,4,3,3,3,3,4,4,4,5,4,4,3,4,3,4,2,2,3,3,2,4,2,4,3,4,4,3,4,4,3,2,3,3,3,3,3,4,3,3,3,4,3,2,3,3,3,4,3,4,2,3,4,3,3,3,2,4,2,3,2,3,0,1,1,0,0,3.25,3.25,3.21,2.92
1000521,2,2,2,3,3,4,4,4,2,2,3,2,3,2,3,3,3,3,2,3,4,2,1,2,2,3,3,3,3,2,3,2,2,2,4,4,3,3,4,4,3,4,3,3,2,3,3,3,4,4,3,4,3,3,2,3,2,3,2,4,4,4,1,3,2,1,3,2,3,3,3,0,1,1,0,0,2.75,2.44,3.21,2.69
1000522,5,3,5,5,5,5,4,5,3,4,4,4,3,3,4,5,4,5,4,3,5,5,2,4,5,3,2,2,2,2,2,5,2,4,4,5,5,5,5,5,3,5,4,4,4,5,3,4,5,5,3,5,4,3,5,4,4,4,5,5,4,5,5,5,5,3,5,5,5,5,5,0,0,1,0,0,4.23,3.25,4.29,4.77
1000524,5,4,5,3,5,5,5,4,5,4,3,5,5,3,3,5,5,5,3,2,1,3,1,1,1,1,1,1,1,1,1,1,1,1,5,5,5,5,5,5,5,4,4,5,5,5,4,4,3,4,4,4,3,4,4,4,4,4,4,5,4,5,3,4,3,2,4,2,4,4,4,0,1,0,0,1,4.35,1.31,4.33,3.69
1000526,4,3,4,3,4,4,4,5,4,4,5,5,2,4,4,5,4,4,5,4,4,4,4,2,4,2,3,3,3,3,3,2,2,3,4,5,5,4,5,5,4,5,5,5,4,5,4,4,5,5,4,4,5,5,4,4,5,5,4,5,4,5,5,4,5,3,4,4,2,2,4,1,0,0,1,0,4.02,3.19,4.58,3.92
1000527,3,3,2,2,5,3,3,4,4,4,2,3,4,2,5,3,4,4,4,4,4,4,2,5,4,3,2,2,2,2,3,5,4,5,5,4,2,3,2,4,3,2,4,2,3,4,3,3,4,3,4,3,3,2,2,3,2,2,3,2,2,3,2,2,4,1,5,2,2,4,3,1,1,0,1,0,3.38,3.44,3,2.69
1000528,3,3,3,3,4,4,4,4,4,3,4,3,4,4,4,4,4,4,4,4,4,4,1,4,4,3,2,2,2,2,3,4,3,2,5,5,5,5,5,5,3,4,4,4,3,4,4,4,4,3,3,2,4,4,3,4,4,3,4,4,4,4,4,4,4,3,5,4,2,3,5,0,1,1,0,0,3.6,3,3.92,3.85
1000530,2,3,2,2,4,2,5,4,5,4,5,5,3,3,4,4,5,4,5,4,3,4,1,2,4,3,3,1,2,2,4,2,4,4,5,5,5,5,5,5,5,4,3,4,3,4,5,5,4,5,4,5,5,4,5,4,4,4,4,4,4,4,5,2,5,4,4,5,2,4,2,0,1,1,0,0,3.62,3,4.46,3.77
1000532,3,3,4,4,4,4,4,4,4,4,4,4,4,4,4,5,4,5,4,4,3,4,2,2,4,2,2,2,2,3,4,4,4,2,4,5,3,4,3,4,2,4,4,4,4,4,4,4,5,4,4,4,3,4,2,3,3,4,4,5,4,5,5,5,3,2,4,3,2,3,4,0,1,1,0,0,3.88,3,3.71,3.77
1000534,1,2,3,2,5,4,4,4,3,5,4,3,1,1,3,5,3,3,4,4,3,1,3,3,3,4,1,2,1,2,2,3,1,5,5,3,4,2,3,4,4,4,5,4,4,4,3,5,4,4,3,4,3,4,4,4,5,4,4,4,3,2,5,4,5,3,4,4,5,4,4,1,1,1,0,0,3.23,2.63,3.88,3.92
1000535,2,2,2,2,5,4,4,4,2,3,2,3,3,2,4,4,4,5,3,4,4,4,1,2,2,1,1,2,3,1,3,3,3,1,3,4,3,3,3,4,2,5,4,3,3,4,4,4,5,4,3,2,5,4,3,3,3,4,3,3,5,5,2,4,4,3,4,3,4,3,4,0,1,1,0,0,3.22,2.38,3.54,3.62
1000536,4,4,3,2,4,4,4,4,3,3,3,3,3,3,3,3,4,4,3,3,3,2,1,2,3,2,2,3,3,3,2,2,2,3,4,4,3,4,3,3,3,3,3,3,4,4,4,4,4,4,3,4,4,4,4,3,3,3,3,3,3,3,3,3,3,2,3,3,3,3,3,0,0,1,0,0,3.33,2.44,3.54,2.92
1000537,1,1,1,2,3,1,1,2,1,1,1,4,1,2,1,2,1,3,3,5,5,5,1,1,1,1,5,5,5,5,4,5,5,4,5,5,4,3,2,3,4,5,3,5,2,4,5,2,2,3,4,2,2,2,3,4,2,3,4,5,5,5,4,4,4,1,3,1,1,2,2,0,1,0,1,0,1.6,3.75,3.29,3.15
1000539,5,4,4,4,4,5,4,5,3,5,5,5,5,4,4,3,3,5,3,3,4,4,2,4,4,4,2,2,2,2,3,4,3,4,5,5,4,4,3,4,4,4,5,5,4,4,4,4,4,4,4,5,4,3,4,5,5,4,4,2,3,4,2,5,4,4,4,4,3,4,3,0,1,1,0,0,4.18,3.13,4.21,3.54
1000540,3,3,3,3,4,4,4,3,3,4,4,4,4,3,4,3,4,4,3,4,2,3,2,2,3,3,3,3,3,2,4,3,3,3,4,4,4,4,4,4,3,4,4,4,4,4,3,3,4,4,4,3,4,4,4,4,4,3,3,3,3,3,3,3,3,3,4,3,3,3,2,1,0,0,1,0,3.53,2.88,3.79,3
1000543,3,3,2,3,5,4,4,4,4,4,3,4,4,4,4,4,4,5,4,5,4,4,1,1,4,1,3,2,1,2,4,2,4,1,3,4,3,4,4,4,3,4,4,3,3,4,4,4,5,4,4,3,4,4,4,4,4,4,2,2,3,3,3,3,4,2,4,4,3,4,4,0,1,0,0,1,3.67,2.69,3.79,3.15
1000544,4,3,4,4,3,4,4,4,4,4,3,5,4,4,4,3,4,4,4,4,4,5,4,4,4,3,4,3,3,4,3,4,5,5,5,3,4,4,5,3,4,5,4,4,5,4,3,4,4,4,4,4,4,5,4,3,5,4,5,4,4,4,3,3,4,4,5,4,4,4,4,0,1,0,1,0,3.83,3.94,4.08,4
1000546,2,4,4,4,2,4,4,4,4,4,4,4,4,2,4,4,4,4,3,3,4,4,1,2,2,2,2,2,2,2,4,2,2,2,4,4,4,4,4,4,4,5,5,4,5,5,5,5,5,5,5,5,4,4,5,3,4,4,4,3,4,4,3,4,4,2,2,4,4,4,2,0,1,1,0,0,3.6,2.44,4.42,3.38
1000547,3,3,4,3,4,4,5,3,3,4,4,4,5,4,5,5,5,4,3,4,5,5,1,1,4,1,2,1,2,2,3,1,3,1,3,5,2,2,1,1,3,4,4,4,4,2,3,3,5,5,4,5,2,3,5,4,3,3,1,1,5,4,1,3,2,2,3,3,4,5,4,0,0,0,1,0,3.93,2.44,3.33,2.92
1000548,1,1,1,2,1,1,1,1,2,1,1,1,1,1,1,1,1,1,1,1,2,1,1,1,1,1,1,1,1,2,1,1,1,1,1,1,1,1,1,1,1,1,1,2,1,1,1,1,1,1,1,1,1,2,1,1,1,2,1,1,1,1,1,1,3,1,1,1,1,1,2,1,1,1,0,0,1.1,1.13,1.13,1.23
